id,calque,prec_alti
AS_0091,EA_EAUPO,1.0
AS_0101,EA_EAUPO,1.0
AS_0111,EA_EAUPO,1.0
AS_0121,EA_EAUPO,1.0
AS_0131,EA_EAUPO,1.0
AS_0141,EA_EAUPO,1.0
AS_0151,EA_EAUPO,1.0
AS_0161,EA_EAUPO,1.0
AS_0162,EA_EAUPO,1.0
AS_0171,EA_EAUPO,1.0
AS_0181,EA_EAUPO,1.0
AS_0191,EA_EAUPO,1.0
ES_0501,EA_ECLAI,1.0
ES_0502,EA_ECLAI,1.0
ES_0503,EA_ECLAI,1.0
ES_0504,EA_ECLAI,1.0
ES_0521,EA_ECLAI,1.0
ES_0531,EA_ECLAI,1.0
ES_0541,EA_ECLAI,1.0
ES_0551,EA_ECLAI,1.0
ES_0571,EA_ECLAI,1.0
ES_0581,EA_ECLAI,1.0
FS_0601,EA_SIGLU,1.0
FS_0602,EA_SIGLU,1.0
FS_0621,EA_SIGLU,1.0
FS_0631,EA_SIGLU,1.0
FS_0641,EA_SIGLU,1.0
FS_0651,EA_SIGLU,1.0
FS_0661,EA_SIGLU,1.0
FS_0671,EA_SIGLU,1.0
FS_0681,EA_SIGLU,1.0
FS_0691,EA_SIGLU,1.0
GS_0701,EA_ASSAI,1.0
GS_0702,EA_ASSAI,1.0
GS_0711,EA_ASSAI,1.0
GS_0721,EA_ASSAI,1.0
GS_0722,EA_ASSAI,1.0
GS_0723,EA_ASSAI,1.0
GS_0731,EA_ASSAI,1.0
GS_0741,EA_ASSAI,1.0
GS_0751,EA_ASSAI,1.0
GS_0761,EA_ASSAI,1.0
GS_0762,EA_ASSAI,1.0
GS_0763,EA_ASSAI,1.0
GS_0764,EA_ASSAI,1.0
GS_0771,EA_ASSAI,1.0
GS_0781,EA_ASSAI,1.0
GS_0791,EA_ASSAI,1.0
HS_0801,EA_CHAUF,1.0
HS_0811,EA_CHAUF,1.0
HS_0821,EA_CHAUF,1.0
HS_0831,EA_CHAUF,1.0
TS_2001,EA_TELEC,1.0
TS_2011,EA_TELEC,1.0
TS_2021,EA_TELEC,1.0
TS_2031,EA_TELEC,1.0
TS_2041,EA_TELEC,1.0
TS_2051,EA_TELEC,1.0
TS_2061,EA_TELEC,1.0
TS_2091,EA_TELEC,1.0
WS_2301,EA_ELECT,1.0
WS_2302,EA_ELECT,1.0
WS_2303,EA_ELECT,1.0
WS_2304,EA_ELECT,1.0
WS_2341,EA_ELECT,1.0
WS_2351,EA_ELECT,1.0
WS_2361,EA_ELECT,1.0
WS_2371,EA_ELECT,1.0
WS_2381,EA_ELECT,1.0
WS_2391,EA_ELECT,1.0
XS_0401,EA_INDEF,1.0
XS_0411,EA_INDEF,1.0
XS_0412,EA_INDEF,1.0
XS_0431,EA_INDEF,1.0
XS_0441,EA_INDEF,1.0
XS_0451,EA_INDEF,1.0
XS_0461,EA_INDEF,1.0
XS_0471,EA_INDEF,1.0
XS_0481,EA_INDEF,1.0
ZS_2401,EA_GAZFL,1.0
ZS_2411,EA_GAZFL,1.0
ZS_2421,EA_GAZFL,1.0
ZS_2422,EA_GAZFL,1.0
ZS_2431,EA_GAZFL,1.0
ZS_2451,EA_GAZFL,1.0
ZS_2461,EA_GAZFL,1.0