R,G,B,Famille
0,191,255,Eau potable
0,0,255,Eau pluviale
127,63,0,Eau usée
127,127,0,Unitaire
255,0,255,Chauffage
255,0,0,Electricité
255,127,0,Eclairage public
255,63,0,Signalisation verticale
0,255,0,Télécommunication
255,191,0,Gaz
0,0,0,Indéterminé
0,0,0,Voirie
0,0,0,Marquage au sol
101,101,101,Mobilier urbain
0,165,41,Nivellement
127,63,63,Voie ferrée
165,0,41,Transport
223,127,255,Bâti
165,0,165,Clôture
41,165,0,Jardin
0,255,127,Aménagement sportif
127,0,255,Propriété
0,127,255,Hydrographie
0,0,0,Ouvrage maritime
127,82,165,SIGT
0,0,0,Habillage
