id,nature,famille,type,calque,calque_alt,couleur,dimension,mat,placement,police,double entite,attributs insert,commentaire,pcrs,CategorieThematiquePCRSType,NatureReseauPCRSType,NatureAffleurantPCRSType,type d'objet,idhabillage,reference,CategorieMurPCRSType,SectionPilierPCRSType,longueur_block
AS_0091,v_eaupo_regard,,Bloc,EA_EAUPO,,"0,0,255",reelle ,A,Surface,,,,,AffleurantSymbolePCRS,10,AEP,2,Coffret eau,,AS_0091,,,
AS_0101,v_eaupo_bouche_eau,,Bloc,EA_EAUPO,,"0,0,255",fixe,A,Surface,,,,,AffleurantSymbolePCRS,10,AEP,4,Bouch à clé AEP,,AS_0101,,,
AS_0111,v_eaupo_regard,,Bloc,EA_EAUPO,,"0,0,255",fixe,A,Surface,,,,,AffleurantSymbolePCRS,10,AEP,3,Citerneau AEP,,AS_0111,,,
AS_0121,v_eaupo_regard,,Bloc,EA_EAUPO,,"0,0,255",reelle ,A,Surface,,,,,AffleurantSymbolePCRS,10,AEP,3,Regard carré AEP,,AS_0121,,,
AS_0131,v_eaupo_bouche_lavage,,Bloc,EA_EAUPO,,"0,0,255",fixe,A,Surface,,,,,AffleurantSymbolePCRS,10,AEP,4,Bouche de lavge,,AS_0131,,,
AS_0141,v_eaupo_incendie,,Bloc,EA_EAUPO,,"0,0,255",fixe,A,Surface,,,,,AffleurantSymbolePCRS,10,INCE,5,Poteau incendie,,AS_0141,,,
AS_0151,v_eaupo_incendie,,Bloc,EA_EAUPO,,"0,0,255",reelle ,A,Surface,,,,,AffleurantSymbolePCRS,10,INCE,5,Bouche incendie carrée,,AS_0151,,,
AS_0161,v_eaupo_incendie,,Bloc,EA_EAUPO,,"0,0,255",reelle ,A,Surface,,,,,AffleurantSymbolePCRS,10,INCE,5,Massif incendie,,AS_0161,,,
AS_0162,v_eaupo_incendie,,Bloc,EA_EAUPO,,"0,0,255",reelle ,A,Surface,,,,,AffleurantSymbolePCRS,10,INCE,5,Bouche incendie rectangulaire,,AS_0162,,,
AS_0171,v_eaupo_regard,,Bloc,EA_EAUPO,,"0,0,255",reelle ,A,Surface,,,,,AffleurantSymbolePCRS,10,AEP,3,Chambre de vannes AEP,,AS_0171,,,
AS_0181,v_eaupo_puisage,,Bloc,EA_EAUPO,,"0,0,255",fixe,A,Surface,,,,,AffleurantSymbolePCRS,10,AEP,nc,Borne de puisage,,AS_0181,,,
AS_0191,v_eaupo_puits,,Bloc,EA_EAUPO,,"0,0,255",reelle ,A,Surface,,,,,AffleurantSymbolePCRS,10,AEP,nc,Puits,,AS_0191,,,
vdr_foudeb1,,,Polyligne,EF_EAUPO,,"0,0,255",,,Sous-sol,,,,,,,,,,,vdr_foudeb1,,,
vdr_foufin1,,,Polyligne,EF_EAUPO,,"0,0,255",,,Sous-sol,,,,,,,,,,,vdr_foufin1,,,
AL_7010,,,Polyligne,EF_EAUPO,,"0,0,255",,,Sous-sol,,,,,,,,,,,AL_7010,,,
vdr_foudeb,,,Polyligne,EF_EAUPO,,"0,0,255",,,Sous-sol,,,,,,,,,,,vdr_foudeb,,,
vdr_foufin,,,Polyligne,EF_EAUPO,,"0,0,255",,,Sous-sol,,,,,,,,,,,vdr_foufin,,,
AL_7020_1,,,Polyligne,EF_EAUPO,,"0,0,255",,,Sous-sol,,,,,,,,,,,AL_7020_1,,,
AL_7000,,,Polyligne,EF_EAUPO,,"0,0,255",,,Sous-sol,,,,,,,,,,,AL_7000,,,
AS_3001,v_eaupo_appareillage,,Bloc,EF_EAUPO,,"0,0,255",fixe,A,Sous-sol,,,,,,,,,,,AS_3001,,,
AS_3011,v_eaupo_appareillage,,Bloc,EF_EAUPO,,"0,0,255",fixe,A,Sous-sol,,,,,,,,,,,AS_3011,,,
AS_3021,v_eaupo_appareillage,,Bloc,EF_EAUPO,,"0,0,255",fixe,A,Sous-sol,,,,,,,,,,,AS_3021,,,
AS_3031,v_eaupo_ouvrage,,Bloc,EF_EAUPO,,"0,0,255",reelle ,A,Sous-sol,,,,,,,,,,,AS_3031,,,
AS_3041,v_eaupo_appareillage,,Bloc,EF_EAUPO,,"0,0,255",reelle ,A,Sous-sol,,,,,,,,,,,AS_3041,,,
AS_3041,v_eaupo_appareillage,,Bloc,EF_EAUPO,,"0,0,255",reelle ,A,Sous-sol,,,,,,,,,,,AS_3041,,,
AS_3051,v_eaupo_appareillage,,Bloc,EF_EAUPO,,"0,0,255",fixe,A,Sous-sol,,,,,,,,,,,AS_3051,,,
AS_3061,v_eaupo_appareillage,,Bloc,EF_EAUPO,,"0,0,255",fixe,A,Sous-sol,,,,,,,,,,,AS_3061,,,
AS_3071,v_eaupo_appareillage,,Bloc,EF_EAUPO,,"0,0,255",fixe,A,Sous-sol,,,,,,,,,,,AS_3071,,,
BL_4010,,,Polyligne,EA_BATIM,,"145,85,165",,,Surface,,,,,FacadePCRS,2,,,,,BL_4010,,,
BL_4020,,,Polyligne,EA_BATIM,,"145,85,165",,,Surface,,,,,ProeminenceBatiPCRS,2,,,,,BL_4020,,,
BL_4030,,,Polyligne,EA_BATIM,,"145,85,165",,,Surface,,,,,ProeminenceBatiPCRS,2,,,,,BL_4030,,,
BL_4040,,,Polyligne,EA_BATIM,,"145,85,165",,,Surface,,,,,ProeminenceBatiPCRS,2,,,,,BL_4040,,,
BL_4050,,,Polyligne,EA_BATIM,,"145,85,165",,,Surface,,oui,,,FacadePCRS,2,,,,,BL_4050,,,
BL_4050_1,,,Polyligne,EA_BATIM,,"145,85,165",,,Surface,,,,,FacadePCRS,2,,,,,BL_4050_1,,,
BL_4060,,,Polyligne,EA_BATIM,,"145,85,165",,,Surface,,,,,FacadePCRS,2,,,,,BL_4060,,,
BL_4070,,,Polyligne,EA_BATIM,,"145,85,165",,,Surface,,,,,FacadePCRS,2,,,,,BL_4070,,,
BL_4150,,,Polyligne,EA_BATIM,,"145,85,165",,,Surface,,,,,FacadePCRS,2,,,,,BL_4150,,,
BS_0201,v_batim_seuil,,Bloc,EA_BATIM,,"145,85,165",reelle ,B,Surface,,,,,SeuilPCRS,2,,,,,BS_0201,,,"0,9"
BS_0202,v_batim_seuil,,Bloc,EA_BATIM,,"145,85,165",reelle ,B,Surface,,,,,SeuilPCRS,2,,,,,BS_0202,,,"0,9"
BS_0211,v_batim_seuil,,Bloc,EA_BATIM,,"145,85,165",reelle ,B,Surface,,,,,SeuilPCRS,2,,,,,BS_0211,,,"0,9"
BS_0231,v_batim_escalier,,Bloc,EA_BATIM,,"145,85,165",reelle ,B,Surface,,,,,MarcheEscalierPCRS,2,,,,,BS_0231,,,"0,9"
BS_0241,v_batim_pilier,,Bloc,EA_BATIM,,"145,85,165",reelle ,B,Surface,,,,,PilierRegulierPCRS,2,,,,,BS_0241,,,
BS_0251,v_batim_pilier,,Bloc,EA_BATIM,,"145,85,165",reelle ,B,Surface,,,,,PilierRegulierPCRS,2,,,,,BS_0251,,,
BS_0261,v_batim_pilier,,Bloc,EA_BATIM,,"145,85,165",reelle ,B,Surface,,,,,PilierRegulierPCRS,2,,,,,BS_0261,,,
BS_0271,v_batim_grille_ventilation,,Bloc,EA_BATIM,,"145,85,165",reelle ,B,Surface,,,,,,,,,,,BS_0271,,,
BS_0281,v_batim_grille_ventilation,,Bloc,EA_BATIM,,"145,85,165",reelle ,B,Surface,,,,,,,,,,,BS_0281,,,
BZ_4080,,,Polyligne,EA_BATIM,,"145,85,165",,,Surface,,oui,,,HabillageEnveloppePCRS,2,,,,BZ_4080,BZ_4080,,,
BZ_4080_1,,,Hachures,EA_BATIM,,"145,85,165",,,Surface,,,,,HabillageEnveloppePCRS,2,,,,BZ_4080_1,BZ_4080_1,,,
BZ_4090,,,Polyligne,EA_BATIM,,"145,85,165",,,Surface,,oui,,,HabillageEnveloppePCRS,2,,,,BZ_4090,BZ_4090,,,
BZ_4090_1,,,Hachures,EA_BATIM,,"145,85,165",,,Surface,,,,,HabillageEnveloppePCRS,2,,,,BZ_4090_1,BZ_4090_1,,,
BZ_4100,,,Polyligne,EA_BATIM,,"145,85,165",,,Surface,,oui,,,HabillageEnveloppePCRS,2,,,,BZ_4100,BZ_4100,,,
BZ_4100_1,,,Hachures,EA_BATIM,,"145,85,165",,,Surface,,,,,HabillageEnveloppePCRS,2,,,,BZ_4100_1,BZ_4100_1,,,
BZ_4110,,,Polyligne,EA_BATIM,,"145,85,165",,,Surface,,oui,,,HabillageEnveloppePCRS,2,,,,BZ_4110,BZ_4110,,,
BZ_4110_1,,,Hachures,EA_BATIM,,"145,85,165",,,Surface,,,,,HabillageEnveloppePCRS,2,,,,BZ_4110_1,BZ_4110_1,,,
BZ_4120,,,Polyligne,EA_BATIM,,"145,85,165",,,Surface,,oui,,,HabillageEnveloppePCRS,2,,,,BZ_4120,BZ_4120,,,
BZ_4120_1,,,Hachures,EA_BATIM,,"145,85,165",,,Surface,,,,,HabillageEnveloppePCRS,2,,,,BZ_4120_1,BZ_4120_1,,,
BZ_4130,,,Polyligne,EA_BATIM,,"145,85,165",,,Surface,,oui,,,HabillageEnveloppePCRS,2,,,,BZ_4130,BZ_4130,,,
BZ_4130_1,,,Hachures,EA_BATIM,,"145,85,165",,,Surface,,,,,HabillageEnveloppePCRS,2,,,,BZ_4130_1,BZ_4130_1,,,
BZ_4140,,,Polyligne,EA_BATIM,,"145,85,165",,,Surface,,oui,,,HabillageEnveloppePCRS,2,,,,BZ_4140,BZ_4140,,,
BZ_4140_1,,,Hachures,EA_BATIM,,"145,85,165",,,Surface,,,,,HabillageEnveloppePCRS,2,,,,BZ_4140_1,BZ_4140_1,,,
BZ_4200,,,Hachures,EA_BATIM,,"145,85,165",,,Surface,,,,,HabillageEnveloppePCRS,2,,,,BZ_4200,BZ_4200,,,
BZ_4210,,,Hachures,EA_BATIM,,"145,85,165",,,Surface,,,,,HabillageEnveloppePCRS,2,,,,BZ_4210,BZ_4210,,,
BZ_4220,,,Hachures,EA_BATIM,,"145,85,165",,,Surface,,,,,HabillageEnveloppePCRS,2,,,,BZ_4220,BZ_4220,,,
BZ_4230,,,Hachures,EA_BATIM,,"145,85,165",,,Surface,,,,,HabillageEnveloppePCRS,2,,,,BZ_4230,BZ_4230,,,
BZ_4240,,,Polyligne,EA_BATIM,,"145,85,165",,,Surface,,oui,,,HabillageEnveloppePCRS,2,,,,BZ_4240,BZ_4240,,,
BZ_4240_1,,,Hachures,EA_BATIM,,"145,85,165",,,Surface,,,,,HabillageEnveloppePCRS,2,,,,BZ_4240_1,BZ_4240_1,,,
BZ_4250,,,Polyligne,EA_BATIM,,"145,85,165",,,Surface,,oui,,,HabillageEnveloppePCRS,2,,,,BZ_4250,BZ_4250,,,
BZ_4250_1,,,Hachures,EA_BATIM,,"145,85,165",,,Surface,,,,,HabillageEnveloppePCRS,2,,,,BZ_4250,BZ_4250_1,,,
BZ_4260,,,Hachures,EA_BATIM,,"145,85,165",,,Surface,,,,,HabillageEnveloppePCRS,2,,,,BZ_4260,BZ_4260,,,
BL_7400,,,Polyligne,EF_BATIM,,"145,85,166",,,Sous-sol,,,,,,,,,,,BL_7400,,,
BL_7410,,,Polyligne,EF_BATIM,,"145,85,167",,,Sous-sol,,oui,,,,,,,,,BL_7410,,,
BL_7410_1,,,Polyligne,EF_BATIM,,"145,85,168",,,Sous-sol,,,,,,,,,,,BL_7410_1,,,
CL_4310,,,Polyligne,EA_CLOTU,,"165,0,165",,,Surface,,,,,MurPCRS,5,,,,,CL_4310,1,,
CL_4330,,,Polyligne,EA_CLOTU,,"165,0,165",,,Surface,,,,,MurPCRS,5,,,,,CL_4330,4,,
CL_4340,,,Polyligne,EA_CLOTU,,"165,0,165",,,Surface,,,,,MurPCRS,5,,,,,CL_4340,4,,
CL_4350,,,Polyligne,EA_CLOTU,,"165,0,165",,,Surface,,oui,,,MurPCRS,5,,,,,CL_4350,4,,
CL_4350_1,,,Polyligne,EA_CLOTU,,"165,0,165",,,Surface,,,,,MurPCRS,5,,,,,CL_4350_1,4,,
CL_4350_2,,,Polyligne,EA_CLOTU,,"165,0,165",,,Surface,,,,,MurPCRS,5,,,,,CL_4350_2,4,,
CL_4380,,,Polyligne,EA_CLOTU,,"165,0,165",,,Surface,,oui,,,MurPCRS,5,,,,,CL_4380,1,,
CL_4380_1,,,Polyligne,EA_CLOTU,,"165,0,165",,,Surface,,,,,MurPCRS,5,,,,,CL_4380_1,1,,
CL_4380_2,,,Polyligne,EA_CLOTU,,"165,0,165",,,Surface,,,,,MurPCRS,5,,,,,CL_4380_2,1,,
CL_4400,,,Polyligne,EA_CLOTU,,"165,0,165",,,Surface,,oui,,,MurPCRS,5,,,,,CL_4400,2,,
CL_4400_1,,,Polyligne,EA_CLOTU,,"165,0,165",,,Surface,,,,,MurPCRS,5,,,,,CL_4400_1,2,,
CL_4420,,,Polyligne,EA_CLOTU,,"165,0,165",,,Surface,,oui,,,MurPCRS,5,,,,,CL_4420,3,,
CL_4420_1,,,Polyligne,EA_CLOTU,,"165,0,165",,,Surface,,,,,MurPCRS,5,,,,,CL_4420_1,3,,
CL_4440,,,Polyligne,EA_CLOTU,,"165,0,165",,,Surface,,,,,MurPCRS,5,,,,,CL_4440,1,,
CS_0301,v_clotu_portillon,,Bloc,EA_CLOTU,,"165,0,165",reelle ,C,Surface,,,,,SeuilPCRS,5,,,,,CS_0301,,,"0,9"
CS_0302,v_clotu_portillon,,Bloc,EA_CLOTU,,"165,0,165",reelle ,C,Surface,,,,,SeuilPCRS,5,,,,,CS_0302,,,"0,9"
CS_0321,v_clotu_pilier,,Bloc,EA_CLOTU,,"165,0,165",reelle ,C,Surface,,,,,PilierRegulierPCRS,5,,,,,CS_0321,,,
CS_0331,v_clotu_pilier,,Bloc,EA_CLOTU,,"165,0,165",reelle ,C,Surface,,,,,PilierRegulierPCRS,5,,,,,CS_0331,,,
CS_0341,v_clotu_pilier,,Bloc,EA_CLOTU,,"165,0,165",reelle ,C,Surface,,,,,PilierRegulierPCRS,5,,,,,CS_0341,,,
EL_4510,,,Polyligne,EA_ECLAI,,"213,106,0",,,Surface,,,,,,,,,,,EL_4510,,,
EL_4520,,,Polyligne,EA_ECLAI,,"213,106,0",,,Surface,,,,,,,,,,,EL_4520,,,
ES_0501,v_eclai_candelabre,,Bloc,EA_ECLAI,,"213,106,0",fixe,E,Surface,,,,,AffleurantSymbolePCRS,10,ELECECL,7,Lampadaire,,ES_0501,,,
ES_0502,v_eclai_candelabre,,Bloc,EA_ECLAI,,"213,106,0",fixe,E,Surface,,,,,AffleurantSymbolePCRS,10,ELECECL,7,Lampadaire support feu tricolore,,ES_0502,,,
ES_0503,v_eclai_candelabre,,Bloc,EA_ECLAI,,"213,106,0",fixe,E,Surface,,,,,AffleurantSymbolePCRS,10,ELECECL,7,Lampadaire de façades,,ES_0503,,,
ES_0504,v_eclai_candelabre,,Bloc,EA_ECLAI,,"213,106,0",fixe,E,Surface,,,,,AffleurantSymbolePCRS,10,ELECECL,7,Lampadaire,,ES_0504,,,
ES_0521,v_eclai_regard,,Bloc,EA_ECLAI,,"213,106,0",fixe,E,Surface,,,,,AffleurantSymbolePCRS,10,ELECECL,3,Regard d'éclairage public,,ES_0521,,,
ES_0531,v_eclai_borne,,Bloc,EA_ECLAI,,"213,106,0",fixe,E,Surface,,,,,AffleurantSymbolePCRS,10,ELECECL,7,Borne d'éclairage,,ES_0531,,,
ES_0541,v_eclai_regard,,Bloc,EA_ECLAI,,"213,106,0",reelle ,E,Surface,,,,,AffleurantSymbolePCRS,10,ELECECL,3,Chambre déclairage public,,ES_0541,,,
ES_0551,v_eclai_armoire,,Bloc,EA_ECLAI,,"213,106,0",reelle ,E,Surface,,,,,AffleurantSymbolePCRS,10,ELECECL,2,Armoire d'éclairage public,,ES_0551,,,
ES_0571,v_eclai_armoire,,Bloc,EA_ECLAI,,"213,106,0",fixe,E,Surface,,,,,AffleurantSymbolePCRS,10,ELECECL,7,Borne alimentation éclairage,,ES_0571,,,
ES_0581,v_eclai_pylone,,Bloc,EA_ECLAI,,"213,106,0",fixe,E,Surface,,,,,AffleurantSymbolePCRS,10,ELECECL,7,Pylone d'éclairage,,ES_0581,,,
EL_7111,,,Polyligne,EF_ECLAI,,"213,106,0",,,Sous-sol,,oui,,,,,,,,,EL_7111,,,
EL_7112_1,,,Polyligne,EF_ECLAI,,"213,106,0",,,Sous-sol,,,,,,,,,,,EL_7112_1,,,
EL_7111_1,,,Polyligne,EF_ECLAI,,"213,106,0",,,Sous-sol,,,,,,,,,,,EL_7111_1,,,
EL_7112,,,Polyligne,EF_ECLAI,,"213,106,0",,,Sous-sol,,oui,,,,,,,,,EL_7112,,,
EL_7190_1,,,Polyligne,EF_ECLAI,,"213,106,0",,,Sous-sol,,,,,,,,,,,EL_7190_1,,,
vdr_foudeb,,,Polyligne,EF_ECLAI,,"213,106,0",,,Sous-sol,,,,,,,,,,,vdr_foudeb,,,
vdr_foufin,,,Polyligne,EF_ECLAI,,"213,106,0",,,Sous-sol,,,,,,,,,,,vdr_foufin,,,
EL_7101_1,,,Polyligne,EF_ECLAI,,"213,106,0",,,Sous-sol,,,,,,,,,,,EL_7101_1,,,
EL_7101,,,Polyligne,EF_ECLAI,,"213,106,0",,,Sous-sol,,oui,,,,,,,,,EL_7101,,,
ES_3101,v_eclai_appareillage,,Bloc,EF_ECLAI,,"213,106,0",fixe,E,Sous-sol,,,,,,,,,,,ES_3101,,,
ES_3111,v_eclai_ouvrage,,Bloc,EF_ECLAI,,"213,106,0",reelle ,E,Sous-sol,,,,,,,,,,,ES_3111,,,
ES_3121,v_eclai_appareillage,,Bloc,EF_ECLAI,,"213,106,0",reelle ,E,Sous-sol,,,,,,,,,,,ES_3121,,,
ES_3131,v_eclai_appareillage,,Bloc,EF_ECLAI,,"213,106,0",fixe,E,Sous-sol,,,,,,,,,,,ES_3131,,,
FL_4610,,,Polyligne,EA_SIGLU,,"255,63,0",,,Surface,,,,,,,,,,,FL_4610,,,
FL_4620,,,Polyligne,EA_SIGLU,,"255,63,0",,,Surface,,,,,,,,,,,FL_4620,,,
FS_0601,v_siglu_feu_tricolore,,Bloc,EA_SIGLU,,"255,63,0",fixe,F,Surface,,,,,AffleurantSymbolePCRS,10,ELECSLT,6,Support de feu tricolore,,FS_0601,,,
FS_0602,v_siglu_feu_tricolore,,Bloc,EA_SIGLU,,"255,63,0",fixe,F,Surface,,,,,AffleurantSymbolePCRS,10,ELECSLT,6,Support de rappel de feu,,FS_0602,,,
FS_0621,v_siglu_panneau,,Bloc,EA_SIGLU,,"255,63,0",fixe,F,Surface,,,,,AffleurantSymbolePCRS,10,ELECSLT,6,Panneau lumineux,,FS_0621,,,
FS_0631,v_siglu_jalonnement,,Bloc,EA_SIGLU,,"255,63,0",fixe,F,Surface,,,,,AffleurantSymbolePCRS,10,ELECSLT,6,Mât de jalonnement,,FS_0631,,,
FS_0641,v_siglu_regard,,Bloc,EA_SIGLU,,"255,63,0",fixe,F,Surface,,,,,AffleurantSymbolePCRS,10,ELECSLT,3,Regard de signalisation,,FS_0641,,,
FS_0651,v_siglu_regard,,Bloc,EA_SIGLU,,"255,63,0",reelle ,F,Surface,,,,,AffleurantSymbolePCRS,10,ELECSLT,3,Chambre de signalisation,,FS_0651,,,
FS_0661,v_siglu_camera,,Bloc,EA_SIGLU,,"255,63,0",reelle ,F,Surface,,,,,AffleurantSymbolePCRS,10,ELECSLT,2,Armoire signalisation,,FS_0661,,,
FS_0671,v_siglu_camera,,Bloc,EA_SIGLU,,"255,63,0",fixe,F,Surface,,,,,AffleurantSymbolePCRS,10,ELECSLT,6,Caméra de surveillance du trafic,,FS_0671,,,
FS_0681,v_siglu_panneau,,Bloc,EA_SIGLU,,"255,63,0",fixe,F,Surface,,,,,AffleurantSymbolePCRS,10,ELECSLT,6,Panneau signalisation,,FS_0681,,,
FS_0691,v_siglu_panneau,,Bloc,EA_SIGLU,,"255,63,0",reelle ,F,Surface,,,,,AffleurantSymbolePCRS,10,ELECSLT,6,Panneau signalisation double,,FS_0691,,,
FL_7212,,,Polyligne,EF_SIGLU,,"255,63,0",,,Sous-sol,,oui,,,,,,,,,FL_7212,,,
FL_7212_1,,,Polyligne,EF_SIGLU,,"255,63,0",,,Sous-sol,,,,,,,,,,,FL_7212_1,,,
FL_7211,,,Polyligne,EF_SIGLU,,"255,63,0",,,Sous-sol,,oui,,,,,,,,,FL_7211,,,
FL_7211_1,,,Polyligne,EF_SIGLU,,"255,63,0",,,Sous-sol,,,,,,,,,,,FL_7211_1,,,
FL_7242,,,Polyligne,EF_SIGLU,,"255,63,0",,,Sous-sol,,oui,,,,,,,,,FL_7242,,,
FL_7242_1,,,Polyligne,EF_SIGLU,,"255,63,0",,,Sous-sol,,,,,,,,,,,FL_7242_1,,,
FL_7231,,,Polyligne,EF_SIGLU,,"255,63,0",,,Sous-sol,,oui,,,,,,,,,FL_7231,,,
FL_7231_1,,,Polyligne,EF_SIGLU,,"255,63,0",,,Sous-sol,,,,,,,,,,,FL_7231_1,,,
FL_7202,,,Polyligne,EF_SIGLU,,"255,63,0",,,Sous-sol,,oui,,,,,,,,,FL_7202,,,
FL_7202_1,,,Polyligne,EF_SIGLU,,"255,63,0",,,Sous-sol,,,,,,,,,,,FL_7202_1,,,
FL_7201_1,,,Polyligne,EF_SIGLU,,"255,63,0",,,Sous-sol,,,,,,,,,,,FL_7201_1,,,
FL_7290_1,,,Polyligne,EF_SIGLU,,"255,63,0",,,Sous-sol,,,,,,,,,,,FL_7290_1,,,
FL_7201,,,Polyligne,EF_SIGLU,,"255,63,0",,,Sous-sol,,oui,,,,,,,,,FL_7201,,,
vdr_foudeb,,,Polyligne,EF_SIGLU,,"255,63,0",,,Sous-sol,,,,,,,,,,,vdr_foudeb,,,
vdr_foufin,,,Polyligne,EF_SIGLU,,"255,63,0",,,Sous-sol,,,,,,,,,,,vdr_foufin,,,
FS_3201,v_siglu_appareillage,,Bloc,EF_SIGLU,,"255,63,0",fixe,F,Sous-sol,,,,,,,,,,,FS_3201,,,
FS_3211,v_siglu_ouvrage,,Bloc,EF_SIGLU,,"255,63,0",reelle ,F,Sous-sol,,,,,,,,,,,FS_3211,,,
FS_3221,v_siglu_ouvrage,,Bloc,EF_SIGLU,,"255,63,0",reelle ,F,Sous-sol,,,,,,,,,,,FS_3221,,,
FS_3231,v_siglu_appareillage,,Bloc,EF_SIGLU,,"255,63,0",fixe,F,Sous-sol,,,,,,,,,,,FS_3231,,,
FS_3261,v_siglu_ouvrage,,Bloc,EF_SIGLU,,"255,63,0",reelle ,F,Sous-sol,,,,,,,,,,,FS_3261,,,
FS_3271,v_siglu_appareillage,,Bloc,EF_SIGLU,,"255,63,0",fixe,F,Sous-sol,,,,,,,,,,,FS_3271,,,
GL_4710,,,Polyligne,EA_ASSAI,,"127,63,0",,,Surface,,,,,HabillageLignesPCRS,10,,,,GL_4710,GL_4710,,,
GL_4730,,,Polyligne,EA_ASSAI,,"127,63,0",,,Surface,,oui,,,HabillageLignesPCRS,10,,,,GL_4730,GL_4730,,,
GL_4730_1,,,Polyligne,EA_ASSAI,,"127,63,0",,,Surface,,,,,HabillageLignesPCRS,10,,,,GL_4730_1,GL_4730_1,,,
GL_4740,,,Polyligne,EA_ASSAI,,"127,63,0",,,Surface,,oui,,,HabillageLignesPCRS,10,,,,GL_4740,GL_4740,,,
GL_4740_1,,,Polyligne,EA_ASSAI,,"127,63,0",,,Surface,,,,,HabillageLignesPCRS,10,,,,GL_4740_1,GL_4740_1,,,
GS_0701,v_assai_tampon,,Bloc,EA_ASSAI,,"127,63,0",fixe,G,Surface,,,,,AffleurantSymbolePCRS,10,ASSA,3,Tampon d'assainissement,,GS_0701,,,
GS_0702,v_assai_tampon,,Bloc,EA_ASSAI,,"127,63,0",fixe,G,Surface,,,,,AffleurantSymbolePCRS,10,ASSA,3,Citerneau d'assainissement,,GS_0702,,,
GS_0711,v_assai_grille,,Bloc,EA_ASSAI,,"127,63,0",fixe,G,Surface,,,,,AffleurantSymbolePCRS,10,ASSA,1,Grille circulaire,,GS_0711,,,
GS_0721,v_assai_tampon,,Bloc,EA_ASSAI,,"127,63,0",reelle ,G,Surface,,,,,AffleurantSymbolePCRS,10,ASSA,3,Tampon d'assainissement,,GS_0721,,,
GS_0722,v_assai_tampon,,Bloc,EA_ASSAI,,"127,63,0",reelle ,G,Surface,,,,,AffleurantSymbolePCRS,10,ASSA,3,Tampon d'assainissement,,GS_0722,,,
GS_0723,v_assai_trappe,,Bloc,EA_ASSAI,,"127,63,0",reelle ,G,Surface,,,,,AffleurantSymbolePCRS,10,ASSA,3,Trappe carré d'assainissement,,GS_0723,,,
GS_0731,v_assai_trappe,,Bloc,EA_ASSAI,,"127,63,0",reelle ,G,Surface,,,,,AffleurantSymbolePCRS,10,ASSA,3,Trappe rectangle d'assainissement,,GS_0731,,,
GS_0741,v_assai_grille,,Bloc,EA_ASSAI,,"127,63,0",reelle ,G,Surface,,,,,AffleurantSymbolePCRS,10,ASSA,1,Grille carré d'assainissement,,GS_0741,,,
GS_0751,v_assai_grille,,Bloc,EA_ASSAI,,"127,63,0",reelle ,G,Surface,,,,,AffleurantSymbolePCRS,10,ASSA,1,Grille rectangle d'assainissement,,GS_0751,,,
GS_0761,v_assai_avaloir,,Bloc,EA_ASSAI,,"127,63,0",reelle ,G,Surface,,,,,AffleurantSymbolePCRS,10,ASSA,1,Avaloir siphoïde,,GS_0761,,,
GS_0762,v_assai_avaloir,,Bloc,EA_ASSAI,,"127,63,0",reelle ,G,Surface,,,,,AffleurantSymbolePCRS,10,ASSA,1,Avaloir gueule de loup,,GS_0762,,,
GS_0763,v_assai_avaloir,,Bloc,EA_ASSAI,,"127,63,0",reelle ,G,Surface,,,,,AffleurantSymbolePCRS,10,ASSA,1,Avaloir tampon,,GS_0763,,,
GS_0764,v_assai_avaloir,,Bloc,EA_ASSAI,,"127,63,0",reelle ,G,Surface,,,,,AffleurantSymbolePCRS,10,ASSA,1,Avaloir grille,,GS_0764,,,
GS_0771,v_assai_armoire,,Bloc,EA_ASSAI,,"127,63,0",reelle ,G,Surface,,,,,AffleurantSymbolePCRS,10,ASSA,2,Armoire d'assainissement,,GS_0771,,,
GS_0781,v_assai_gouttiere,,Bloc,EA_ASSAI,,"127,63,0",reelle ,G,Surface,,,,,AffleurantSymbolePCRS,10,ASSA,nc,Goutière,,GS_0781,,,
GS_0791,v_assai_gargouille,,Bloc,EA_ASSAI,,"127,63,0",reelle ,G,Surface,,,,,AffleurantSymbolePCRS,10,ASSA,nc,Gargouille,,GS_0791,,,
GL_7320_2,,,Polyligne,EF_ASSAI,,"127,63,0",,,Sous-sol,,,,,,,,,,,GL_7320_2,,,
GL_7356,,,Polyligne,EF_ASSAI,,"127,63,0",,,Sous-sol,,oui,,,,,,,,,GL_7356,,,
GL_7356_1,,,Polyligne,EF_ASSAI,,"127,63,0",,,Sous-sol,,,,,,,,,,,GL_7356_1,,,
vdr_foudeb,,,Polyligne,EF_ASSAI,,"127,63,0",,,Sous-sol,,,,,,,,,,,vdr_foudeb,,,
vdr_foufin,,,Polyligne,EF_ASSAI,,"127,63,0",,,Sous-sol,,,,,,,,,,,vdr_foufin,,,
GL_7330,,,Polyligne,EF_ASSAI,,"127,63,0",,,Sous-sol,,,,,,,,,,,GL_7330,,,
GL_7340,,,Polyligne,EF_ASSAI,,"127,63,0",,,Sous-sol,,oui,,,,,,,,,GL_7340,,,
GZ_7351,,,Polyligne,EF_ASSAI,,"127,63,0",,,Sous-sol,,oui,,,,,,,,,GZ_7351,,,
GL_7330_2,,,Polyligne,EF_ASSAI,,"127,63,0",,,Sous-sol,,,,,,,,,,,GL_7330_2,,,
GL_7360_1,,,Polyligne,EF_ASSAI,,"127,63,0",,,Sous-sol,,,,,,,,,,,GL_7360_1,,,
GL_7300,,,Polyligne,EF_ASSAI,,"127,63,0",,,Sous-sol,,,,,,,,,,,GL_7300,,,
GL_7310,,,Polyligne,EF_ASSAI,,"127,63,0",,,Sous-sol,,,,,,,,,,,GL_7310,,,
GZ_7351_1,,,Polyligne,EF_ASSAI,,"127,63,0",,,Sous-sol,,,,,,,,,,,GZ_7351_1,,,
GS_3301,v_assai_appareillage,,Bloc,EF_ASSAI,,"127,63,0",reelle ,G,Sous-sol,,,,,,,,,,,GS_3301,,,
GS_3311,v_assai_ouvrage,,Bloc,EF_ASSAI,,"127,63,0",reelle ,G,Sous-sol,,,,,,,,,,,GS_3311,,,
GS_3321,v_assai_ouvrage,,Bloc,EF_ASSAI,,"127,63,0",reelle ,G,Sous-sol,,,,,,,,,,,GS_3321,,,
GS_3322,v_assai_ouvrage,,Bloc,EF_ASSAI,,"127,63,0",reelle ,G,Sous-sol,,,,,,,,,,,GS_3322,,,
GS_3331,v_assai_appareillage,,Bloc,EF_ASSAI,,"127,63,0",reelle ,G,Sous-sol,,,,,,,,,,,GS_3331,,,
GS_3341,v_assai_appareillage,,Bloc,EF_ASSAI,,"127,63,0",fixe,G,Sous-sol,,,,,,,,,,,GS_3341,,,
GS_3351,v_assai_appareillage,,Bloc,EF_ASSAI,,"127,63,0",fixe,G,Sous-sol,,,,,,,,,,,GS_3351,,,
GS_3361,v_assai_appareillage,,Bloc,EF_ASSAI,,"127,63,0",fixe,G,Sous-sol,,,,,,,,,,,GS_3361,,,
HL_4810,,,Polyligne,EA_CHAUF,,"255,0,255",,,Surface,,,,,,,,,,,HL_4810,,,
HS_0801,v_chauf_bouche_cle,,Bloc,EA_CHAUF,,"255,0,255",fixe,H,Surface,,,,,AffleurantSymbolePCRS,10,CHAU,4,Bouche à clé de chauffage,,HS_0801,,,
HS_0811,v_chauf_tampon,,Bloc,EA_CHAUF,,"255,0,255",fixe,H,Surface,,,,,AffleurantSymbolePCRS,10,CHAU,3,Tampon circulaire de chauffage ,,HS_0811,,,
HS_0821,v_chauf_tampon,,Bloc,EA_CHAUF,,"255,0,255",reelle ,H,Surface,,,,,AffleurantSymbolePCRS,10,CHAU,3,Trappe rectangulaire de chauffage,,HS_0821,,,
HS_0831,v_chauf_tampon,,Bloc,EA_CHAUF,,"255,0,255",reelle ,H,Surface,,,,,AffleurantSymbolePCRS,10,CHAU,3,Tampon carré de chauffage,,HS_0831,,,
vdr_foudeb,,,Polyligne,EF_CHAUF,,"255,0,255",,,Sous-sol,,,,,,,,,,,vdr_foudeb,,,
vdr_foufin,,,Polyligne,EF_CHAUF,,"255,0,255",,,Sous-sol,,,,,,,,,,,vdr_foufin,,,
HL_7540_1,,,Polyligne,EF_CHAUF,,"255,0,255",,,Sous-sol,,,,,,,,,,,HL_7540_1,,,
HL_7550,,,Polyligne,EF_CHAUF,,"255,0,255",,,Sous-sol,,,,,,,,,,,HL_7550,,,
HL_7530,,,Polyligne,EF_CHAUF,,"255,0,255",,,Sous-sol,,,,,,,,,,,HL_7530,,,
HL_7540,,,Polyligne,EF_CHAUF,,"255,0,255",,,Sous-sol,,oui,,,,,,,,,HL_7540,,,
HL_7510_2,,,Polyligne,EF_CHAUF,,"255,0,255",,,Sous-sol,,,,,,,,,,,HL_7510_2,,,
HL_7590_1,,,Polyligne,EF_CHAUF,,"255,0,255",,,Sous-sol,,,,,,,,,,,HL_7590_1,,,
,,,Texte,EF_CHAUF,,"0,0,0",,,Sous-sol,Arial,,,,,,,,,,,,,
HL_7500_2,,,Polyligne,EF_CHAUF,,"255,0,255",,,Sous-sol,,,,,,,,,,,HL_7500_2,,,
HS_3401,v_chauf_appareillage,,Bloc,EF_CHAUF,,"255,0,255",reelle ,H,Sous-sol,,,,,,,,,,,HS_3401,,,
HS_3411,v_chauf_ouvrage,,Bloc,EF_CHAUF,,"255,0,255",reelle ,H,Sous-sol,,,,,,,,,,,HS_3411,,,
HS_3421,v_chauf_ouvrage,,Bloc,EF_CHAUF,,"255,0,255",reelle ,H,Sous-sol,,,,,,,,,,,HS_3421,,,
HS_3431,v_chauf_appareillage,,Bloc,EF_CHAUF,,"255,0,255",fixe,H,Sous-sol,,,,,,,,,,,HS_3431,,,
HS_3441,v_chauf_appareillage,,Bloc,EF_CHAUF,,"255,0,255",reelle ,H,Sous-sol,,,,,,,,,,,HS_3441,,,
HS_3451,v_chauf_appareillage,,Bloc,EF_CHAUF,,"255,0,255",fixe,H,Sous-sol,,,,,,,,,,,HS_3451,,,
HS_3461,v_chauf_appareillage,,Bloc,EF_CHAUF,,"255,0,255",fixe,H,Sous-sol,,,,,,,,,,,HS_3461,,,
HS_3471,v_chauf_appareillage,,Bloc,EF_CHAUF,,"255,0,255",fixe,H,Sous-sol,,,,,,,,,,,HS_3471,,,
HS_3481,v_chauf_ouvrage,,Bloc,EF_CHAUF,,"255,0,255",fixe,H,Sous-sol,,,,,,,,,,,HS_3481,,,
JL_4920,,,Polyligne,EA_JARDI,,"41,165,0",,,Surface,,,,,HabillageLignesPCRS,6,,,,JL_4920,JL_4920,,,
JL_4930,,,Polyligne,EA_JARDI,,"41,165,0",,,Surface,,,,,HabillageLignesPCRS,6,,,,JL_4930,JL_4930,,,
JL_4960,,,Polyligne,EA_JARDI,,"41,165,0",,,Surface,,oui,,,HabillageLignesPCRS,6,,,,JL_4960,JL_4960,,,
JL_4960_1,,,Polyligne,EA_JARDI,,"41,165,0",,,Surface,,,,,HabillageLignesPCRS,6,,,,JL_4960_1,JL_4960_1,,,
JL_4970,,,Polyligne,EA_JARDI,,"41,165,0",,,Surface,,oui,,,HabillageLignesPCRS,6,,,,JL_4970,JL_4970,,,
JL_4970_1,,,Polyligne,EA_JARDI,,"41,165,0",,,Surface,,,,,HabillageLignesPCRS,6,,,,JL_4970_1,JL_4970_1,,,
JL_4980,,,Polyligne,EA_JARDI,,"41,165,0",,,Surface,,,,,HabillageLignesPCRS,6,,,,JL_4980,JL_4980,,,
JS_1001,,,Bloc,EA_JARDI,,"41,165,0",reelle ,,Surface,,,,,ArbrePCRS,6,,,,,JS_1001,,,
JS_1011,,,Bloc,EA_JARDI,,"41,165,0",reelle ,,Surface,,,,,ArbrePCRS,6,,,,,JS_1011,,,
JS_1021,,,Bloc,EA_JARDI,,"41,165,0",reelle ,,Surface,,,,,ArbrePCRS,6,,,,,JS_1021,,,
JS_1023,,,Bloc,EA_JARDI,,"41,165,0",reelle ,,Surface,,,,,ArbrePCRS,6,,,,,JS_1023,,,
JS_1051,,,Bloc,EA_JARDI,,"41,165,0",reelle ,,Surface,,,,,ArbrePCRS,6,,,,,JS_1051,,,
JS_1061,v_jardi_aire_jeu,,Bloc,EA_JARDI,,"41,165,0",fixe,J,Surface,,,,,HabillageSymbolePCRS,6,,,,,JS_1061,,,
JS_1071,v_jardi_aire_jeu,,Bloc,EA_JARDI,,"41,165,0",reelle ,J,Surface,,,,,HabillageSymbolePCRS,6,,,,,JS_1071,,,
JS_1081,v_jardi_jardiniere,,Bloc,EA_JARDI,,"41,165,0",reelle ,J,Surface,,,,,ArbrePCRS,6,,,,,JS_1081,,,
JS_1091,v_jardi_tombe,,Bloc,EA_JARDI,,"41,165,0",reelle ,J,Surface,,,,,,,,,,,JS_1091,,,
KL_5110,,,Polyligne,EA_TRANS,,"165,0,41",,,Surface,,,,,,,,,,,KL_5110,,,
KL_5130,,,Polyligne,EA_TRANS,,"165,0,41",,,Surface,,,,,,,,,,,KL_5130,,,
KS_1101,v_trans_arret_bus,,Bloc,EA_TRANS,,"165,0,41",reelle ,K,Surface,,,,,,,,,,,KS_1101,,,
KS_1111,v_trans_distri_ticket,,Bloc,EA_TRANS,,"165,0,41",fixe,K,Surface,,,,,,,,,,,KS_1111,,,
KS_1121,v_trans_arret_bus,,Bloc,EA_TRANS,,"165,0,41",fixe,K,Surface,,,,,,,,,,,KS_1121,,,
KS_1131,v_trans_grille_ventilation,,Bloc,EA_TRANS,,"165,0,41",reelle ,K,Surface,,,,,,,,,,,KS_1131,,,
KS_1141,v_trans_grille_ventilation,,Bloc,EA_TRANS,,"165,0,41",reelle ,K,Surface,,,,,,,,,,,KS_1141,,,
KS_1151,v_trans_trappe,,Bloc,EA_TRANS,,"165,0,41",reelle ,K,Surface,,,,,,,,,,,KS_1151,,,
KS_1161,v_trans_trappe,,Bloc,EA_TRANS,,"165,0,41",reelle ,K,Surface,,,,,,,,,,,KS_1161,,,
vdr_foufin,,,Polyligne,EF_TRANS,,"165,0,41",,,Sous-sol,,,,,,,,,,,vdr_foufin,,,
KL_7600,,,Polyligne,EF_TRANS,,"165,0,41",,,Sous-sol,,,,,,,,,,,KL_7600,,,
KL_7630,,,Polyligne,EF_TRANS,,"165,0,41",,,Sous-sol,,,,,,,,,,,KL_7630,,,
KL_7660,,,Polyligne,EF_TRANS,,"165,0,41",,,Sous-sol,,,,,,,,,,,KL_7660,,,
vdr_foudeb,,,Polyligne,EF_TRANS,,"165,0,41",,,Sous-sol,,,,,,,,,,,vdr_foudeb,,,
KL_7630_1,,,Polyligne,EF_TRANS,,"165,0,41",,,Sous-sol,,,,,,,,,,,KL_7630_1,,,
KL_7650,,,Polyligne,EF_TRANS,,"165,0,41",,,Sous-sol,,,,,,,,,,,KL_7650,,,
KL_7620_2,,,Polyligne,EF_TRANS,,"165,0,41",,,Sous-sol,,,,,,,,,,,KL_7620_2,,,
KL_7640_1,,,Polyligne,EF_TRANS,,"165,0,41",,,Sous-sol,,,,,,,,,,,KL_7640_1,,,
KL_7610,,,Polyligne,EF_TRANS,,"165,0,41",,,Sous-sol,,,,,,,,,,,KL_7610,,,
KL_7620_1,,,Polyligne,EF_TRANS,,"165,0,41",,,Sous-sol,,,,,,,,,,,KL_7620_1,,,
KL_7640_2,,,Polyligne,EF_TRANS,,"165,0,41",,,Sous-sol,,,,,,,,,,,KL_7640_2,,,
KL_7690_1,,,Polyligne,EF_TRANS,,"165,0,41",,,Sous-sol,,,,,,,,,,,KL_7690_1,,,
KS_3901,v_trans_appareillage,,Bloc,EF_TRANS,,"165,0,41",fixe,K,Sous-sol,,,,,HabillageSymbolePCRS,99,,,,,KS_3901,,,
KS_3911,v_trans_ouvrage,,Bloc,EF_TRANS,,"165,0,41",reelle ,K,Sous-sol,,,,,HabillageSymbolePCRS,99,,,,,KS_3911,,,
KS_3911,v_trans_ouvrage,,Bloc,EF_TRANS,,"165,0,41",reelle ,K,Sous-sol,,,,,HabillageSymbolePCRS,99,,,,,KS_3911,,,
KS_3911,v_trans_ouvrage,,Bloc,EF_TRANS,,"165,0,41",reelle ,K,Sous-sol,,,,,HabillageSymbolePCRS,99,,,,,KS_3911,,,
KS_3921,v_trans_appareillage,,Bloc,EF_TRANS,,"165,0,41",fixe,K,Sous-sol,,,,,HabillageSymbolePCRS,99,,,,,KS_3921,,,
KS_3941,v_trans_appareillage,,Bloc,EF_TRANS,,"165,0,41",fixe,K,Sous-sol,,,,,HabillageSymbolePCRS,99,,,,,KS_3941,,,
LL_5210,,,Polyligne,EA_LSNCF,,"127,63,63",,,Surface,,,,,RailPCRS,4,,,,,LL_5210,,,
LL_5230,,,Polyligne,EA_LSNCF,,"127,63,63",,,Surface,,,,,RailPCRS,4,,,,,LL_5230,,,
LL_5240,,,Polyligne,EA_LSNCF,,"127,63,63",,,Surface,,oui,,,RailPCRS,4,,,,,LL_5240,,,
LL_5240_1,,,Polyligne,EA_LSNCF,,"127,63,63",,,Surface,,,,,RailPCRS,4,,,,,LL_5240_1,,,
LL_5250,,,Polyligne,EA_LSNCF,,"127,63,63",,,Surface,,oui,,,HabillageLignesPCRS,4,,,,LL_5250,LL_5250,,,
LL_5250_1,,,Polyligne,EA_LSNCF,,"127,63,63",,,Surface,,,,,HabillageLignesPCRS,4,,,,LL_5250_1,LL_5250_1,,,
ML_5310,,,Polyligne,EA_MOBIL,,"127,111,63",,,Surface,,,,,,,,,,,ML_5310,,,
ML_5330,,,Polyligne,EA_MOBIL,,"127,111,63",,,Surface,,,,,HabillageLignesPCRS,99,,,,ML_5330,ML_5330,,,
ML_5340,,,Polyligne,EA_MOBIL,,"127,111,63",,,Surface,,oui,,,HabillageLignesPCRS,99,,,,ML_5340,ML_5340,,,
ML_5340_1,,,Polyligne,EA_MOBIL,,"127,111,63",,,Surface,,,,,,,,,,,ML_5340_1,,,
ML_5350,,,Polyligne,EA_MOBIL,,"127,111,63",,,Surface,,,,,,,,,,,ML_5350,,,
ML_5360,,,Polyligne,EA_MOBIL,,"127,111,63",,,Surface,,oui,,,,,,,,,ML_5360,,,
ML_5360_1,,,Polyligne,EA_MOBIL,,"127,111,63",,,Surface,,,,,,,,,,,ML_5360_1,,,
MS_1301,v_mobil_banc,,Bloc,EA_MOBIL,,"127,111,63",reelle ,M,Surface,,,,,HabillageSymbolePCRS,99,,,,,MS_1301,,,
MS_1302,v_mobil_banc,,Bloc,EA_MOBIL,,"127,111,63",reelle ,M,Surface,,,,,HabillageSymbolePCRS,99,,,,,MS_1302,,,
MS_1311,v_mobil_conteneur,,Bloc,EA_MOBIL,,"127,111,63",reelle ,M,Surface,,,,,HabillageSymbolePCRS,99,,,,,MS_1311,,,
$0.149,v_mobil_corbeille,,Bloc,EA_MOBIL,,"127,111,63",fixe,,Surface,,,,Ce bloc est exclus pour la vérification du matricule car son id n'est pas conforme au matricule attendu (M),HabillageSymbolePCRS,99,,,,,$0.149,,,
MS_1331,v_mobil_horodateur,,Bloc,EA_MOBIL,,"127,111,63",fixe,M,Surface,,,,,HabillageSymbolePCRS,99,,,,,MS_1331,,,
MS_1341,v_mobil_panneau_pub,,Bloc,EA_MOBIL,,"127,111,63",reelle ,M,Surface,,,,,HabillageSymbolePCRS,99,,,,,MS_1341,,,
MS_1351,v_mobil_bac_sable,,Bloc,EA_MOBIL,,"127,111,63",reelle ,M,Surface,,,,,HabillageSymbolePCRS,99,,,,,MS_1351,,,
MS_1361,v_mobil_sanisette,,Bloc,EA_MOBIL,,"127,111,63",reelle ,M,Surface,,,,,HabillageSymbolePCRS,99,,,,,MS_1361,,,
MS_1371,v_mobil_parc_velo,,Bloc,EA_MOBIL,,"127,111,63",reelle ,M,Surface,,,,,HabillageSymbolePCRS,99,,,,,MS_1371,,,
MS_1381,v_mobil_limit_acces,,Bloc,EA_MOBIL,,"127,111,63",reelle ,M,Surface,,,,,HabillageSymbolePCRS,99,,,,,MS_1381,,,
MS_1391,v_mobil_parc_velo,,Bloc,EA_MOBIL,,"127,111,63",reelle ,M,Surface,,,,,HabillageSymbolePCRS,99,,,,,MS_1391,,,
NL_5410,,,Polyligne,EA_NIVEL,,"0,165,41",,,Surface,,,,,HabillageLignesPCRS,1,,,,NL_5410,NL_5410,,,
NL_5430,,,Polyligne,EA_NIVEL,,"0,165,41",,,Surface,,,,,HabillageLignesPCRS,1,,,,NL_5430,NL_5430,,,
NL_5430,,,Polyligne,EA_NIVEL,,"0,165,41",,,Surface,,,,,HabillageLignesPCRS,1,,,,NL_5430,NL_5430,,,
NL_5440,,,Polyligne,EA_NIVEL,,"0,165,41",,,Surface,,,,,HabillageLignesPCRS,1,,,,NL_5440,NL_5440,,,
NL_5450,,,Polyligne,EA_NIVEL,,"0,165,41",,,Surface,,,,,HabillageLignesPCRS,1,,,,NL_5450,NL_5450,,,
NL_5460,,,Polyligne,EA_NIVEL,,"0,165,41",,,Surface,,,,,HabillageLignesPCRS,1,,,,NL_5460,NL_5460,,,
NL_5460,,,Polyligne,EA_NIVEL,,"0,165,41",,,Surface,,,,,HabillageLignesPCRS,1,,,,NL_5460,NL_5460,,,
NL_5470,,,Polyligne,EA_NIVEL,,"0,165,41",,,Surface,,oui,,,HabillageLignesPCRS,1,,,,NL_5470,NL_5470,,,
NL_5470_1,,,Polyligne,EA_NIVEL,,"0,165,41",,,Surface,,,,,HabillageLignesPCRS,1,,,,NL_5470_1,NL_5470_1,,,
NL_5480,,,Polyligne,EA_NIVEL,,"0,165,41",,,Surface,,oui,,,HabillageLignesPCRS,1,,,,NL_5480,NL_5480,,,
NL_5480_1,,,Polyligne,EA_NIVEL,,"0,165,41",,,Surface,,,,,HabillageLignesPCRS,1,,,,NL_5480_1,NL_5480_1,,,
NL_5490,,,Polyligne,EA_NIVEL,,"0,165,41",,,Surface,,oui,,,HabillageLignesPCRS,1,,,,NL_5490,NL_5490,,,
NL_5490_1,,,Polyligne,EA_NIVEL,,"0,165,41",,,Surface,,,,,HabillageLignesPCRS,1,,,,NL_5490_1,NL_5490_1,,,
NL_5490_2,,,Polyligne,EA_NIVEL,,"0,165,41",,,Surface,,,,,HabillageLignesPCRS,1,,,,NL_5490_2,NL_5490_2,,,
NL_5490_3,,,Polyligne,EA_NIVEL,,"0,165,41",,,Surface,,,,,HabillageLignesPCRS,1,,,,NL_5490_3,NL_5490_3,,,
NL_5500,,,Polyligne,EA_NIVEL,,"0,165,41",,,Surface,,oui,,,HabillageLignesPCRS,1,,,,NL_5500,NL_5500,,,
NL_5500_1,,,Polyligne,EA_NIVEL,,"0,165,41",,,Surface,,,,,HabillageLignesPCRS,1,,,,NL_5500_1,NL_5500_1,,,
NL_5500_2,,,Polyligne,EA_NIVEL,,"0,165,41",,,Surface,,,,,HabillageLignesPCRS,1,,,,NL_5500_2,NL_5500_2,,,
NS_1401,v_nivel_piezometre,,Bloc,EA_NIVEL,,"0,165,41",fixe,N,Surface,,,,,,,,,,,NS_1401,,,
NS_1411,v_nivel_piezometre,,Bloc,EA_NIVEL,,"0,165,41",fixe,N,Surface,,,,,,,,,,,NS_1411,,,
PL_5610,,,Polyligne,EA_PROPI,,"127,0,255",,,Surface,,,,,,,,,,,PL_5610,,,
PL_5630,,,Polyligne,EA_PROPI,,"127,0,255",,,Surface,,,,,,,,,,,PL_5630,,,
PL_5640,,,Polyligne,EA_PROPI,,"127,0,255",,,Surface,,,,,,,,,,,PL_5640,,,
PS_1601,v_propi_borne,,Bloc,EA_PROPI,,"127,0,255",fixe,P,Surface,,,,,HabillageSymbolePCRS,99,,,,,PS_1601,,,
PS_1611,v_propi_borne,,Bloc,EA_PROPI,,"127,0,255",fixe,P,Surface,,,,,HabillageSymbolePCRS,99,,,,,PS_1611,,,
RL_6310,,,Polyligne,EA_HYDRO,,"0,127,255",,,Surface,,,,,HabillageLignesPCRS,,,,,,RL_6310,,,
RL_6330,,,Polyligne,EA_HYDRO,,"0,127,255",,,Surface,,oui,,,QuaiFluvioMaritimePCRS,8,,,,,RL_6330,,,
RL_6330_1,,,Polyligne,EA_HYDRO,,"0,127,255",,,Surface,,,,,QuaiFluvioMaritimePCRS,8,,,,,RL_6330_1,,,
RL_6340,,,Polyligne,EA_HYDRO,,"0,127,255",,,Surface,,oui,,,HabillageLignesPCRS,,,,,,RL_6340,,,
RL_6340_1,,,Polyligne,EA_HYDRO,,"0,127,255",,,Surface,,,,,HabillageLignesPCRS,,,,,,RL_6340_1,,,
RL_6360,,,Polyligne,EA_HYDRO,,"0,127,255",,,Surface,,oui,,,HabillageLignesPCRS,,,,,,RL_6360,,,
RL_6360_1,,,Polyligne,EA_HYDRO,,"0,127,255",,,Surface,,,,,HabillageLignesPCRS,,,,,,RL_6360_1,,,
RL_6360_2,,,Polyligne,EA_HYDRO,,"0,127,255",,,Surface,,,,,HabillageLignesPCRS,,,,,,RL_6360_2,,,
RL_6420,,,Polyligne,EA_HYDRO,,"0,127,255",,,Surface,,,,,QuaiFluvioMaritimePCRS,8,,,,,RL_6420,,,
RL_6440,,,Polyligne,EA_HYDRO,,"0,127,255",,,Surface,,,,,QuaiFluvioMaritimePCRS,8,,,,,RL_6440,,,
RL_6450,,,Polyligne,EA_HYDRO,,"0,127,255",,,Surface,,oui,,,QuaiFluvioMaritimePCRS,8,,,,,RL_6450,,,
RL_6450_1,,,Polyligne,EA_HYDRO,,"0,127,255",,,Surface,,,,,QuaiFluvioMaritimePCRS,8,,,,,RL_6450_1,,,
RL_6450_2,,,Polyligne,EA_HYDRO,,"0,127,255",,,Surface,,,,,QuaiFluvioMaritimePCRS,8,,,,,RL_6450_2,,,
SL_5810,,,Polyligne,EA_SPORT,,"0,255,127",,,Surface,,,,,,,,,,,SL_5810,,,
SL_5840,,,Polyligne,EA_SPORT,,"0,255,127",,,Surface,,,,,,,,,,,SL_5840,,,
SL_5850,,,Polyligne,EA_SPORT,,"0,255,127",,,Surface,,,,,,,,,,,SL_5850,,,
TL_5910,,,Polyligne,EA_TELEC,,"0,255,0",,,Surface,,,,,,,,,,,TL_5910,,,
TL_5920,,,Polyligne,EA_TELEC,,"0,255,0",,,Surface,,,,,,,,,,,TL_5920,,,
TS_2001,v_telec_poteau_ptt,,Bloc,EA_TELEC,,"0,255,0",fixe,T,Surface,,,,,AffleurantSymbolePCRS,10,COM,6,Support ligne PTT,,TS_2001,,,
TS_2011,v_telec_citerneau,,Bloc,EA_TELEC,,"0,255,0",fixe,T,Surface,,,,,AffleurantSymbolePCRS,10,COM,3,Citerneau circulaire télécom,,TS_2011,,,
TS_2021,v_telec_armoire,,Bloc,EA_TELEC,,"0,255,0",reelle ,T,Surface,,,,,AffleurantSymbolePCRS,10,COM,2,Borne télécom,,TS_2021,,,
TS_2031,v_telec_citerneau,,Bloc,EA_TELEC,,"0,255,0",reelle ,T,Surface,,,,,AffleurantSymbolePCRS,10,COM,3,Citerneau carré télécom,,TS_2031,,,
TS_2041,v_telec_chambre,,Bloc,EA_TELEC,,"0,255,0",reelle ,T,Surface,,,,,AffleurantSymbolePCRS,10,COM,3,Chambre télécom,,TS_2041,,,
TS_2051,v_telec_armoire,,Bloc,EA_TELEC,,"0,255,0",reelle ,T,Surface,,,,,AffleurantSymbolePCRS,10,COM,2,Armoire télécom,,TS_2051,,,
TS_2061,v_telec_cabine_tel,,Bloc,EA_TELEC,,"0,255,0",reelle ,T,Surface,,,,,AffleurantSymbolePCRS,10,COM,nc,Cabine téléphonique,,TS_2061,,,
TS_2071,v_telec_grille_ventilation,,Bloc,EA_TELEC,,"0,255,0",reelle ,T,Surface,,,,,,,,,,,TS_2071,,,
TS_2081,v_telec_grille_ventilation,,Bloc,EA_TELEC,,"0,255,0",reelle ,T,Surface,,,,,,,,,,,TS_2081,,,
TS_2091,v_telec_boite_lettre,,Bloc,EA_TELEC,,"0,255,0",fixe,T,Surface,,,,,AffleurantSymbolePCRS,10,COM,nc,Boite à lettre,,TS_2091,,,
TL_7750_1,,,Polyligne,EF_TELEC,,"0,255,0",,,Sous-sol,,,,,,,,,,,TL_7750_1,,,
TL_7740_1,,,Polyligne,EF_TELEC,,"0,255,0",,,Sous-sol,,,,,,,,,,,TL_7740_1,,,
TL_7730,,,Polyligne,EF_TELEC,,"0,255,0",,,Sous-sol,,oui,,,,,,,,,TL_7730,,,
TL_7740,,,Polyligne,EF_TELEC,,"0,255,0",,,Sous-sol,,oui,,,,,,,,,TL_7740,,,
TL_7750,,,Polyligne,EF_TELEC,,"0,255,0",,,Sous-sol,,oui,,,,,,,,,TL_7750,,,
TL_7730_1,,,Polyligne,EF_TELEC,,"0,255,0",,,Sous-sol,,,,,,,,,,,TL_7730_1,,,
TL_7700,,,Polyligne,EF_TELEC,,"0,255,0",,,Sous-sol,,oui,,,,,,,,,TL_7700,,,
TL_7700_1,,,Polyligne,EF_TELEC,,"0,255,0",,,Sous-sol,,,,,,,,,,,TL_7700_1,,,
vdr_foudeb1,,,Polyligne,EF_TELEC,,"0,255,0",,,Sous-sol,,,,,,,,,,,vdr_foudeb1,,,
vdr_foufin1,,,Polyligne,EF_TELEC,,"0,255,0",,,Sous-sol,,,,,,,,,,,vdr_foufin1,,,
TS_3501,v_telec_ouvrage,,Bloc,EF_TELEC,,"0,255,0",reelle ,T,Sous-sol,,,,,,,,,,,TS_3501,,,
TS_3511,v_telec_appareillage,,Bloc,EF_TELEC,,"0,255,0",reelle ,T,Sous-sol,,,,,,,,,,,TS_3511,,,
TS_3531,v_telec_appareillage,,Bloc,EF_TELEC,,"0,255,0",fixe,T,Sous-sol,,,,,,,,,,,TS_3531,,,
VL_6000,,,Polyligne,EA_VOIRI,,"0,0,0",,,Surface,,,,,,,,,,,VL_6000,,,
VL_6010,,,Polyligne,EA_VOIRI,,"0,0,0",,,Surface,,,,,LimiteVoiriePCRS,3,,,,,VL_6010,,,
VL_6020,,,Polyligne,EA_VOIRI,,"0,0,0",,,Surface,,,,,,,,,,,VL_6020,,,
VL_6030,,,Polyligne,EA_VOIRI,,"0,0,0",,,Surface,,,,,LimiteVoiriePCRS,3,,,,,VL_6030,,,
VL_6040,,,Polyligne,EA_VOIRI,,"0,0,0",,,Surface,,,,,HabillageLignesPCRS,,,,,,VL_6040,,,
VL_6050,,,Polyligne,EA_VOIRI,,"0,0,0",,,Surface,,,,,,,,,,,VL_6050,,,
VL_6060,,,Polyligne,EA_VOIRI,,"0,0,0",,,Surface,,,,,LimiteVoiriePCRS,3,,,,,VL_6060,,,
VL_6070,,,Polyligne,EA_VOIRI,,"0,0,0",,,Surface,,oui,,,LimiteVoiriePCRS,3,,,,,VL_6070,,,
VL_6070_1,,,Polyligne,EA_VOIRI,,"0,0,0",,,Surface,,,,,LimiteVoiriePCRS,3,,,,,VL_6070_1,,,
VL_6080,,,Polyligne,EA_VOIRI,,"0,0,0",,,Surface,,,,,HabillageLignesPCRS,,,,,,VL_6080,,,
VL_6100,,,Polyligne,EA_VOIRI,,"0,0,0",,,Surface,,,,,LimiteVoiriePCRS,3,,,,,VL_6100,,,
VS_2201,v_voiri_borne,,Bloc,EA_VOIRI,,"0,0,0",fixe,V,Surface,,,,,HabillageSymbolePCRS,3,,,,,VS_2201,,,
VS_2202,v_voiri_borne,,Bloc,EA_VOIRI,,"0,0,0",fixe,V,Surface,,,,,HabillageSymbolePCRS,3,,,,,VS_2202,,,
VS_2203,v_voiri_borne,,Bloc,EA_VOIRI,,"0,0,0",fixe,V,Surface,,,,,HabillageSymbolePCRS,3,,,,,VS_2203,,,
VS_2204,v_voiri_borne,,Bloc,EA_VOIRI,,"0,0,0",fixe,V,Surface,,,,,HabillageSymbolePCRS,3,,,,,VS_2204,,,
VS_2205,v_voiri_borne,,Bloc,EA_VOIRI,,"0,0,0",fixe,V,Surface,,,,,HabillageSymbolePCRS,3,,,,,VS_2205,,,
VS_2221,v_voiri_borne,,Bloc,EA_VOIRI,,"0,0,0",fixe,V,Surface,,,,,HabillageSymbolePCRS,3,,,,,VS_2221,,,
VS_2241,v_voiri_surbaisse,,Bloc,EA_VOIRI,,"0,0,0",fixe,V,Surface,,,,,HabillageSymbolePCRS,3,,,,,VS_2241,,,
VS_2242,v_voiri_surbaisse,,Bloc,EA_VOIRI,,"0,0,0",fixe,V,Surface,,,,,HabillageSymbolePCRS,3,,,,,VS_2242,,,
VS_2271,v_voiri_massif,,Bloc,EA_VOIRI,,"0,0,0",reelle ,V,Surface,,,,,HabillageSymbolePCRS,3,,,,,VS_2271,,,
VS_2281,v_voiri_massif,,Bloc,EA_VOIRI,,"0,0,0",reelle ,V,Surface,,,,,HabillageSymbolePCRS,3,,,,,VS_2281,,,
VZ_6090,,,Polyligne,EA_VOIRI,,"0,0,0",,,Surface,,oui,,,HabillageEnveloppePCRS,3,,,,VZ_6090,VZ_6090,,,
VZ_6090_1,,,Hachures,EA_VOIRI,,"0,0,0",,,Surface,,,,,HabillageEnveloppePCRS,3,,,,VZ_6090_1,VZ_6090_1,,,
WL_6210,,,Polyligne,EA_ELECT,,"255,0,0",,,Surface,,,,,,,,,,,WL_6210,,,
WL_6220,,,Polyligne,EA_ELECT,,"255,0,0",,,Surface,,,,,,,,,,,WL_6220,,,
WS_2301,v_elect_poteau_elect,,Bloc,EA_ELECT,,"255,0,0",fixe,W,Surface,,,,,AffleurantSymbolePCRS,,ELEC,6,Support ligne éléctrique,,WS_2301,,,
WS_2302,v_elect_poteau_elect,,Bloc,EA_ELECT,,"255,0,0",fixe,W,Surface,,,,,AffleurantSymbolePCRS,,ELEC,6,Support ligne éléctrique et lampadaire,,WS_2302,,,
WS_2303,v_elect_poteau_elect,,Bloc,EA_ELECT,,"255,0,0",fixe,W,Surface,,,,,AffleurantSymbolePCRS,,ELEC,6,Support ligne éléctrique et télécome,,WS_2303,,,
WS_2304,v_elect_poteau_elect,,Bloc,EA_ELECT,,"255,0,0",fixe,W,Surface,,,,,AffleurantSymbolePCRS,,ELEC,6,Support ligne éléctrique,,WS_2304,,,
WS_2341,v_elect_armoire,,Bloc,EA_ELECT,,"255,0,0",reelle ,W,Surface,,,,,AffleurantSymbolePCRS,,ELEC,2,Armoire éléctrique,,WS_2341,,,
WS_2351,v_elect_armoire,,Bloc,EA_ELECT,,"255,0,0",reelle ,W,Surface,,,,,AffleurantSymbolePCRS,,ELEC,2,Coffret éléctrique,,WS_2351,,,
WS_2361,v_elect_poteau_elect,,Bloc,EA_ELECT,,"255,0,0",reelle ,W,Surface,,,,,AffleurantSymbolePCRS,,ELEC,6,Pylone éléctrique,,WS_2361,,,
WS_2371,v_elect_transformateur,,Bloc,EA_ELECT,,"255,0,0",reelle ,W,Surface,,,,,AffleurantSymbolePCRS,,ELEC,nc,Tranformateur éléctrique,,WS_2371,,,
WS_2381,v_elect_chambre,,Bloc,EA_ELECT,,"255,0,0",reelle ,W,Surface,,,,,AffleurantSymbolePCRS,,ELEC,3,Chambre éléctrique,,WS_2381,,,
WS_2391,,,Bloc,EA_ELECT,,"255,0,0",,,Surface,,,,,AffleurantSymbolePCRS,,ELEC,2,Borne d'alimentation éléctrique,,WS_2391,,,
WL_7830_1,,,Polyligne,EF_ELECT,,"255,0,0",,,Sous-sol,,,,,,,,,,,WL_7830_1,,,
WL_7840,,,Polyligne,EF_ELECT,,"255,0,0",,,Sous-sol,,oui,,,,,,,,,WL_7840,,,
WL_7820_1,,,Polyligne,EF_ELECT,,"255,0,0",,,Sous-sol,,,,,,,,,,,WL_7820_1,,,
WL_7830,,,Polyligne,EF_ELECT,,"255,0,0",,,Sous-sol,,oui,,,,,,,,,WL_7830,,,
WL_7850_1,,,Polyligne,EF_ELECT,,"255,0,0",,,Sous-sol,,,,,,,,,,,WL_7850_1,,,
WL_7860,,,Polyligne,EF_ELECT,,"255,0,0",,,Sous-sol,,oui,,,,,,,,,WL_7860,,,
WL_7840_1,,,Polyligne,EF_ELECT,,"255,0,0",,,Sous-sol,,,,,,,,,,,WL_7840_1,,,
WL_7850,,,Polyligne,EF_ELECT,,"255,0,0",,,Sous-sol,,oui,,,,,,,,,WL_7850,,,
WL_7810_1,,,Polyligne,EF_ELECT,,"255,0,0",,,Sous-sol,,,,,,,,,,,WL_7810_1,,,
WL_7820,,,Polyligne,EF_ELECT,,"255,0,0",,,Sous-sol,,oui,,,,,,,,,WL_7820,,,
WL_7810,,,Polyligne,EF_ELECT,,"255,0,0",,,Sous-sol,,,,,,,,,,,WL_7810,,,
WL_7860_1,,,Polyligne,EF_ELECT,,"255,0,0",,,Sous-sol,,,,,,,,,,,WL_7860_1,,,
vdr_foudeb,,,Polyligne,EF_ELECT,,"255,0,0",,,Sous-sol,,,,,,,,,,,vdr_foudeb,,,
WL_7870,,,Polyligne,EF_ELECT,,"255,0,0",,,Sous-sol,,oui,,,,,,,,,WL_7870,,,
WL_7870_1,,,Polyligne,EF_ELECT,,"255,0,0",,,Sous-sol,,,,,,,,,,,WL_7870_1,,,
WL_7890_1,,,Polyligne,EF_ELECT,,"255,0,0",,,Sous-sol,,,,,,,,,,,WL_7890_1,,,
vdr_foufin,,,Polyligne,EF_ELECT,,"255,0,0",,,Sous-sol,,,,,,,,,,,vdr_foufin,,,
WL_7800,,,Polyligne,EF_ELECT,,"255,0,0",,,Sous-sol,,oui,,,,,,,,,WL_7800,,,
WL_7800_1,,,Polyligne,EF_ELECT,,"255,0,0",,,Sous-sol,,,,,,,,,,,WL_7800_1,,,
vdr_foufin1,,,Polyligne,EF_ELECT,,"255,0,0",,,Sous-sol,,,,,,,,,,,vdr_foufin1,,,
vdr_foudeb1,,,Polyligne,EF_ELECT,,"255,0,0",,,Sous-sol,,,,,,,,,,,vdr_foudeb1,,,
WS_3601,v_elect_appareillage,,Bloc,EF_ELECT,,"255,0,0",fixe,W,Sous-sol,,,,,,,,,,,WS_3601,,,
WS_3611,v_elect_ouvrage,,Bloc,EF_ELECT,,"255,0,0",reelle ,W,Sous-sol,,,,,,,,,,,WS_3611,,,
WS_3621,v_elect_appareillage,,Bloc,EF_ELECT,,"255,0,0",reelle ,W,Sous-sol,,,,,,,,,,,WS_3621,,,
WS_3631,v_elect_appareillage,,Bloc,EF_ELECT,,"255,0,0",fixe,W,Sous-sol,,,,,,,,,,,WS_3631,,,
XS_0401,v_indef_regard,,Bloc,EA_INDEF,,"0,0,0",reelle ,X,Surface,,,,,AffleurantSymbolePCRS,10,00,3,Plaque circulaire,,XS_0401,,,
XS_0411,v_indef_regard,,Bloc,EA_INDEF,,"0,0,0",reelle ,X,Surface,,,,,AffleurantSymbolePCRS,10,00,3,Plaque carré,,XS_0411,,,
XS_0412,v_indef_regard,,Bloc,EA_INDEF,,"0,0,0",reelle ,X,Surface,,,,,AffleurantSymbolePCRS,10,00,3,Tampon carrée,,XS_0412,,,
XS_0431,v_indef_regard,,Bloc,EA_INDEF,,"0,0,0",reelle ,X,Surface,,,,,AffleurantSymbolePCRS,10,00,3,Plaque rectangle,,XS_0431,,,
XS_0441,v_indef_armoire,,Bloc,EA_INDEF,,"0,0,0",reelle ,X,Surface,,,,,AffleurantSymbolePCRS,10,00,2,Coffret,,XS_0441,,,
XS_0451,v_indef_armoire,,Bloc,EA_INDEF,,"0,0,0",reelle ,X,Surface,,,,,AffleurantSymbolePCRS,10,00,2,Armoire,,XS_0451,,,
XS_0461,v_indef_multires,,Bloc,EA_INDEF,,"0,0,0",reelle ,X,Surface,,,,,AffleurantSymbolePCRS,10,00,3,Tampon multi-réseaux,,XS_0461,,,
XS_0471,v_indef_multires,,Bloc,EA_INDEF,,"0,0,0",reelle ,X,Surface,,,,,AffleurantSymbolePCRS,10,00,2,Armoire multi-réseaux,,XS_0471,,,
XS_0481,v_indef_multires,,Bloc,EA_INDEF,,"0,0,0",reelle ,X,Surface,,,,,AffleurantSymbolePCRS,10,00,2,Coffret multi-réseaux,,XS_0481,,,
XL_8000,,,Polyligne,EF_INDEF,,"0,0,0",,,Sous-sol,,,,,,,,,,,XL_8000,,,
vdr_foudeb1,,,Polyligne,EF_INDEF,,"0,0,0",,,Sous-sol,,,,,,,,,,,vdr_foudeb1,,,
XL_8050_1,,,Polyligne,EF_INDEF,,"0,0,0",,,Sous-sol,,,,,,,,,,,XL_8050_1,,,
vdr_foufin1,,,Polyligne,EF_INDEF,,"0,0,0",,,Sous-sol,,,,,,,,,,,vdr_foufin1,,,
XL_8050,,,Polyligne,EF_INDEF,,"0,0,0",,,Sous-sol,,oui,,,,,,,,,XL_8050,,,
XL_8030_1,,,Polyligne,EF_INDEF,,"0,0,0",,,Sous-sol,,,,,,,,,,,XL_8030_1,,,
XL_8040_1,,,Polyligne,EF_INDEF,,"0,0,0",,,Sous-sol,,,,,,,,,,,XL_8040_1,,,
XL_8000_1,,,Polyligne,EF_INDEF,,"0,0,0",,,Sous-sol,,,,,,,,,,,XL_8000_1,,,
XL_8020_1,,,Polyligne,EF_INDEF,,"0,0,0",,,Sous-sol,,,,,,,,,,,XL_8020_1,,,
XS_3811,v_indef_ouvrage,,Bloc,EF_INDEF,,"0,0,0",reelle ,X,Sous-sol,,,,,,,,,,,XS_3811,,,
ZS_2401,v_gazfl_vanne,,Bloc,EA_GAZFL,,"221,165,0",fixe,Z,Surface,,,,,AffleurantSymbolePCRS,10,GAZ,4,Vanne d'arrêt de gaz,,ZS_2401,,,
ZS_2411,v_gazfl_armoire,,Bloc,EA_GAZFL,,"221,165,0",reelle ,Z,Surface,,,,,AffleurantSymbolePCRS,10,GAZ,2,Borne gaz,,ZS_2411,,,
ZS_2421,v_gazfl_armoire,,Bloc,EA_GAZFL,,"221,165,0",reelle ,Z,Surface,,,,,AffleurantSymbolePCRS,10,GAZ,2,Coffret gaz,,ZS_2421,,,
ZS_2422,v_gazfl_armoire,,Bloc,EA_GAZFL,,"221,165,0",reelle ,Z,Surface,,,,,AffleurantSymbolePCRS,10,GAZ,2,Coffret gaz+électricité,,ZS_2422,,,
ZS_2431,v_gazfl_armoire,,Bloc,EA_GAZFL,,"221,165,0",reelle ,Z,Surface,,,,,AffleurantSymbolePCRS,10,GAZ,2,Armoire gaz,,ZS_2431,,,
ZS_2451,v_gazfl_trappe,,Bloc,EA_GAZFL,,"221,165,0",reelle ,Z,Surface,,,,,AffleurantSymbolePCRS,10,GAZ,3,Trappe d'accès gaz,,ZS_2451,,,
ZS_2461,,,Bloc,EA_GAZFL,,"221,165,0",reelle ,Z,Surface,,,,,AffleurantSymbolePCRS,10,GAZ,6,Mât de jalonnement,,ZS_2461,,,
ZL_7960,,,Polyligne,EF_GAZFL,,"221,165,0",,,Sous-sol,,oui,,,,,,,,,ZL_7960,,,
ZL_7960_1,,,Polyligne,EF_GAZFL,,"221,165,0",,,Sous-sol,,,,,,,,,,,ZL_7960_1,,,
ZS_3701,v_gazfl_appareillage,,Bloc,EF_GAZFL,,"221,165,0",fixe,Z,Sous-sol,,,,,,,,,,,ZS_3701,,,
ZS_3711,v_gazfl_appareillage,,Bloc,EF_GAZFL,,"221,165,0",fixe,Z,Sous-sol,,,,,,,,,,,ZS_3711,,,
ZS_3721,v_gazfl_ouvrage,,Bloc,EF_GAZFL,,"221,165,0",reelle ,Z,Sous-sol,,,,,,,,,,,ZS_3721,,,
ZS_3731,v_gazfl_appareillage,,Bloc,EF_GAZFL,,"221,165,0",reelle ,Z,Sous-sol,,,,,,,,,,,ZS_3731,,,
ZS_3741,v_gazfl_ouvrage,,Bloc,EF_GAZFL,,"221,165,0",reelle ,Z,Sous-sol,,,,,,,,,,,ZS_3741,,,
ZS_3751,v_gazfl_appareillage,,Bloc,EF_GAZFL,,"221,165,0",fixe,Z,Sous-sol,,,,,,,,,,,ZS_3751,,,
ZS_3761,v_gazfl_appareillage,,Bloc,EF_GAZFL,,"221,165,0",fixe,Z,Sous-sol,,,,,,,,,,,ZS_3761,,,
NP_0252,,,Texte,EA_AL500,,"127,0,31",,,,Arial,,,,,,,,,,NP_0252,,,
NP_0251,,,Texte,EA_AL200,,"0,165,82",,,,Arial,,,,,,,,,,NP_0251,,,
,n° de rue,,Texte,EA_VOIRI,,"0,0,0",,,,Arial,,,,,,,,,,,,,
,,,Texte,EA_PROPI,,"127,0,255",,,,Arial,,,,,,,,,,,,,
,,,Texte,EA_PROPI,,"127,0,255",,,,Arial,,,,,,,,,,,,,
P_STATION,,,Bloc,EA_REFER,,"0,0,255",,,,,,non,,PointCanevasPCRS,,,,,,P_STATION,,,
,,,Texte,EA_REFER,,"0,0,255",,,,Arial,,,,,,,,,,,,,
DP_POINT,,,Point,PO_POINT,"EA_AL500,EA_AL200","0,255,0",,,,,,,,PointLevePCRS,,,,,,DP_POINT,,,