id,nature,famille,calque,type,"Vectorisé dans RTS","RTS / valeur rep_dwg_geobzh","Vectorisé dans RTGE","RTGE / valeur rep_dwg_geobzh",ref cnig,pcrs
LL_0821,Ouvrage annexe,Voirie (L),VOIRI_L,GM_Curve,,,X,LL_0821,PCRS_HABILLAGE_L,HabillageLignesPCRS
LL_0822,Bordure de fil d'eau,Voirie (L),VOIRI_L,GM_Curve,X,LL_0821,X,LL_0822,PCRS_VOIRIE_REVET_L,LimiteVoiriePCRS
LL_0823,Ralentisseur,Voirie (L),VOIRI_L,GM_Polygon,,,X,LL_0823,PCRS_HABILLAGE_E,HabillageEnveloppePCRS
LL_0824,Changement de revêtement,Voirie (L),VOIRI_L,GM_Curve,X,LL_0821,X,LL_0824,PCRS_VOIRIE_REVET_L,LimiteVoiriePCRS
LL_0825,Glissière de sécurité,Voirie (L),VOIRI_L,GM_Curve,,,X,LL_0825,PCRS_VOIRIE_REVET_L,HabillageLignesPCRS
LL_0826,Bordurette,Voirie (L),VOIRI_L,GM_Curve,,,X,LL_0826,PCRS_VOIRIE_REVET_L,LimiteVoiriePCRS
LL_0827,Caniveau double pente (Axe),Voirie (L),VOIRI_L,GM_Curve,X,LL_0821,X,LL_0827,PCRS_VOIRIE_REVET_L,LimiteVoiriePCRS
LL_0828,Bande d'éveil de vigilance,Voirie (L),VOIRI_L,GM_Polygon,,,X,LL_0828,PCRS_HABILLAGE_E,HabillageEnveloppePCRS
LL_0829,Bord de chaussée,Voirie (L),VOIRI_L,GM_Curve,X,LL_0821,X,LL_0829,PCRS_VOIRIE_REVET_L,LimiteVoiriePCRS
LL_0830,Bordure anti-stationnement,Voirie (L),VOIRI_L,GM_MultiCurve,,,X,LL_0830,PCRS_HABILLAGE_L,HabillageLignesPCRS
LP_0841,Surbaissé de trottoir (gauche),Voirie (L),VOIRI_P,GM_Point,,,X,LP_0841,PCRS_HABILLAGE_P,HabillagePointsPCRS
LP_0842,Surbaissé de trottoir (droit),Voirie (L),VOIRI_P,GM_Point,,,X,LP_0842,PCRS_HABILLAGE_P,HabillagePointsPCRS
LP_0843,"Borne de voirie <= 0,20",Voirie (L),VOIRI_P,GM_Point,,,X,LP_0843,PCRS_HABILLAGE_P,HabillagePointsPCRS
LP_0844,"Borne de voirie > 0,20",Voirie (L),VOIRI_P,GM_Point,,,X,LP_0844,PCRS_HABILLAGE_P,HabillagePointsPCRS
ML_0861,Bande cyclable,Marquage au sol (M),MARQ_L,GM_MultiCurve,,,X,ML_0861,PCRS_HABILLAGE_L,HabillageLignesPCRS
ML_0862,Passage piétons,Marquage au sol (M),MARQ_L,GM_MultiCurve,,,X,ML_0862,PCRS_HABILLAGE_L,HabillageLignesPCRS
ML_2576,Marquage Bus,Marquage au sol (M),MARQ_L,GM_MultiCurve,,,X,ML_2576,PCRS_HABILLAGE_L,HabillageLignesPCRS
ML_2577,Divers marquage voirie,Marquage au sol (M),MARQ_L,GM_MultiCurve,,,X,ML_2577,PCRS_HABILLAGE_L,HabillageLignesPCRS
NL_0901,Ouvrage annexe,Mobilier urbain (N),MOBUR_L,GM_Curve,,,X,NL_0901,PCRS_HABILLAGE_L,HabillageLignesPCRS
NL_0902,Rembarde de protection,Mobilier urbain (N),MOBUR_L,GM_Curve,,,X,NL_0902,PCRS_HABILLAGE_L,HabillageLignesPCRS
NP_0921,Banc simple,Mobilier urbain (N),MOBUR_P,GM_Point,,,X,NP_0921,PCRS_HABILLAGE_P,HabillagePointsPCRS
NP_0922,Banc double,Mobilier urbain (N),MOBUR_P,GM_Point,,,X,NP_0922,PCRS_HABILLAGE_P,HabillagePointsPCRS
NP_0923,Conteneur enterré,Mobilier urbain (N),MOBUR_P,GM_Point,,,X,NP_0923,PCRS_HABILLAGE_P,HabillagePointsPCRS
NP_0924,Corbeille,Mobilier urbain (N),MOBUR_P,GM_Point,,,X,NP_0924,PCRS_HABILLAGE_P,HabillagePointsPCRS
NP_0925,Horodateur,Mobilier urbain (N),MOBUR_P,GM_Point,,,X,NP_0925,PCRS_HABILLAGE_P,HabillagePointsPCRS
NP_0926,Panneau publicitaire,Mobilier urbain (N),MOBUR_P,GM_Point,,,X,NP_0926,PCRS_HABILLAGE_P,HabillagePointsPCRS
NP_0927,Sanisettes,Mobilier urbain (N),MOBUR_P,GM_Point,,,X,NP_0927,PCRS_HABILLAGE_P,HabillagePointsPCRS
NP_0928,Parc à vélos,Mobilier urbain (N),MOBUR_P,GM_Point,,,X,NP_0928,PCRS_HABILLAGE_P,HabillagePointsPCRS
NP_0929,Barrière de limitation d'accès,Mobilier urbain (N),MOBUR_P,GM_Point,,,X,NP_0929,PCRS_HABILLAGE_P,HabillagePointsPCRS
NP_0930,Parc à vélos locatifs,Mobilier urbain (N),MOBUR_P,GM_Point,,,X,NP_0930,PCRS_HABILLAGE_P,HabillagePointsPCRS
NP_0931,Borne de voirie escamotable,Mobilier urbain (N),MOBUR_P,GM_Point,,,X,NP_0931,PCRS_HABILLAGE_P,HabillagePointsPCRS
NP_0932,Potelet de voirie amovible,Mobilier urbain (N),MOBUR_P,GM_Point,,,X,NP_0932,PCRS_HABILLAGE_P,HabillagePointsPCRS
NP_0933,Potelet bois,Mobilier urbain (N),MOBUR_P,GM_Point,,,X,NP_0933,PCRS_HABILLAGE_P,HabillagePointsPCRS
NP_0934,Borne de contrôle d'accès,Mobilier urbain (N),MOBUR_P,GM_Point,,,X,NP_0934,PCRS_HABILLAGE_P,HabillagePointsPCRS
NP_0935,Massif ou socle carré,Mobilier urbain (N),MOBUR_P,GM_Point,,,X,NP_0935,PCRS_HABILLAGE_P,HabillagePointsPCRS
NP_0936,Massif ou socle,Mobilier urbain (N),MOBUR_P,GM_Point,,,X,NP_0936,PCRS_HABILLAGE_P,HabillagePointsPCRS
OL_0941,Ouvrage annexe,Nivellement (O),NIVEL_L,GM_Curve,x,OL_0941,X,OL_0941,PCRS_HABILLAGE_L,HabillageLignesPCRS
OL_0942,Pied de talus,Nivellement (O),NIVEL_L,GM_Curve,x,OL_0941,X,OL_0942,PCRS_HABILLAGE_L,HabillageLignesPCRS
OL_0943,Haut de talus,Nivellement (O),NIVEL_L,GM_Curve,x,OL_0941,X,OL_0943,PCRS_HABILLAGE_L,HabillageLignesPCRS
OP_0961,Piézomètre,Nivellement (O),NIVEL_P,GM_Point,,,X,OP_0961,PCRS_HABILLAGE_P,HabillagePointsPCRS
OP_0962,Sondage,Nivellement (O),NIVEL_P,GM_Point,,,X,OP_0962,PCRS_HABILLAGE_P,HabillagePointsPCRS
PL_0981,Ouvrage annexe,Voie Ferrée (P),VOIEF_L,GM_Curve,,,X,PL_0981,PCRS_HABILLAGE_L,HabillageLignesPCRS
PL_0982,Voie levée rail par rail,Voie Ferrée (P),VOIEF_L,GM_Curve,X,PL_0981,X,PL_0982,PCRS_FERROVIAIRE_RAIL_L,RailPCRS
PL_0983,Voie levée en axe,Voie Ferrée (P),VOIEF_L,GM_Curve,X,PL_0981,X,PL_0983,PCRS_FERROVIAIRE_RAIL_L,RailPCRS
PL_0984,Caniveau câbles,Voie Ferrée (P),VOIEF_L,GM_Curve,,,X,PL_0984,PCRS_HABILLAGE_L,HabillageLignesPCRS
PP_1001,Passage à niveau,Voie Ferrée (P),VOIEF_P,GM_Point,,,X,PP_1001,PCRS_HABILLAGE_P,HabillagePointsPCRS
QL_1021,Ouvrage annexe,Transport (Q),TRANS_L,GM_Curve,,,X,QL_1021,PCRS_HABILLAGE_L,HabillageLignesPCRS
QL_1022,Tablier de viaduc passerelle,Transport (Q),TRANS_L,GM_Curve,,,X,QL_1022,PCRS_HABILLAGE_L,HabillageLignesPCRS
QP_1041,Abri bus,Transport (Q),TRANS_P,GM_Point,,,X,QP_1041,PCRS_HABILLAGE_P,HabillagePointsPCRS
QP_1042,Distributeur de ticket,Transport (Q),TRANS_P,GM_Point,,,X,QP_1042,PCRS_HABILLAGE_P,HabillagePointsPCRS
QP_1043,Poteau d'arrêt de bus,Transport (Q),TRANS_P,GM_Point,,,X,QP_1043,PCRS_HABILLAGE_P,HabillagePointsPCRS
?,Aération carré,Transport (Q),TRANS_E,GM_Polygon,,,X,sans objet,PCRS_HABILLAGE_E,HabillageEnveloppePCRS
?,Aération rectangle,Transport (Q),TRANS_E,GM_Polygon,,,X,sans objet,PCRS_HABILLAGE_E,HabillageEnveloppePCRS
?,Trappe carrée transport urbain,Transport (Q),TRANS_E,GM_Polygon,,,X,sans objet,PCRS_HABILLAGE_E,HabillageEnveloppePCRS
?,Trappe rectangulaire transport urbain,Transport (Q),TRANS_E,GM_Polygon,,,X,sans objet,PCRS_HABILLAGE_E,HabillageEnveloppePCRS
QP_1044,Aération carré,Transport (Q),TRANS_P,GM_Point,,,X,QP_1044,PCRS_HABILLAGE_P,HabillagePointsPCRS
QP_1045,Aération rectangle,Transport (Q),TRANS_P,GM_Point,,,X,QP_1045,PCRS_HABILLAGE_P,HabillagePointsPCRS
QP_1046,Trappe carrée transport urbain,Transport (Q),TRANS_P,GM_Polygon,,,X,QP_1046,PCRS_HABILLAGE_P,HabillagePointsPCRS
QP_1047,Trappe rectangulaire transport urbain,Transport (Q),TRANS_P,GM_Polygon,,,X,QP_1047,PCRS_HABILLAGE_P,HabillagePointsPCRS
RL_1101,Ouvrage annexe,Bâti (R),BATIM_L,GM_Curve,,,X,RL_1101,PCRS_HABILLAGE_L,HabillageLignesPCRS
RL_1102,Surplomb bâti,Bâti (R),BATIM_L,GM_Curve,X,RL_1101,X,RL_1102,PCRS_BATI_PROEMINENCE_L,ProeminenceBatiPCRS
RL_1103,Balcon,Bâti (R),BATIM_L,GM_Curve,X,RL_1101,X,RL_1103,PCRS_BATI_PROEMINENCE_L,ProeminenceBatiPCRS
RL_1104,Façade bâtiment,Bâti (R),BATIM_L,GM_Curve,X,RL_1101,X,RL_1104,PCRS_BATI_FACADES_L,FacadePCRS
RL_1105,Bâtiment,Bâti (R),BATIM_L,GM_Curve,X,RL_1101,X,RL_1105,PCRS_BATI_FACADES_L,FacadePCRS
RL_1106,Bâtiment léger,Bâti (R),BATIM_L,GM_Curve,X,RL_1101,X,RL_1106,PCRS_BATI_FACADES_L,FacadePCRS
RL_1109,Rampe d'accès,Bâti (R),BATIM_L,GM_Curve,X,RL_1101,X,RL_1109,PCRS_ESCALIER_MARCHE_L,MarcheEscalierPCRS
RL_1110,Escalier complexe,Bâti (R),BATIM_L,GM_Curve,X,RL_1101,X,RL_1110,PCRS_ESCALIER_MARCHE_L,MarcheEscalierPCRS
?,Seuil de porte,Bâti (R),BATIM_L,GM_Curve,X,RL_1101,X,RL_1101,PCRS_BATI_SEUIL_L,SeuilPCRS
?,Seuil de garage,Bâti (R),BATIM_L,GM_Curve,X,RL_1101,X,RL_1101,PCRS_BATI_SEUIL_L,SeuilPCRS
RP_1121,Seuil de porte,Bâti (R),BATIM_P,GM_Point,,,X,RP_1121,PCRS_HABILLAGE_P,HabillagePointsPCRS
RP_1122,Seuil de garage,Bâti (R),BATIM_P,GM_Point,,,X,RP_1122,PCRS_HABILLAGE_P,HabillagePointsPCRS
RP_1123,Soupirail,Bâti (R),BATIM_P,GM_Point,,,X,RP_1123,PCRS_HABILLAGE_P,HabillagePointsPCRS
RP_1124,Escalier,Bâti (R),BATIM_P,GM_Point,,,X,RP_1124,PCRS_HABILLAGE_P,HabillagePointsPCRS
RP_1125,Pilier circulaire bâti,Bâti (R),BATIM_P,GM_Point,,,X,RP_1125,PCRS_CLOTURE_PILIER_P,PilierRegulierPCRS
RP_1126,Pilier carré bâti,Bâti (R),BATIM_P,GM_Point,,,X,RP_1126,PCRS_CLOTURE_PILIER_P,PilierRegulierPCRS
RP_1127,Pilier rectangle bâti,Bâti (R),BATIM_P,GM_Point,,,X,RP_1127,PCRS_CLOTURE_PILIER_P,PilierRegulierPCRS
?,Ventilation carré bâti,Bâti (R),BATIM_E,GM_Polygon,,,X,sans objet,PCRS_HABILLAGE_E,HabillageEnveloppePCRS
?,Ventilation rectangle bâti,Bâti (R),BATIM_E,GM_Polygon,,,X,sans objet,PCRS_HABILLAGE_E,HabillageEnveloppePCRS
RP_1128,Ventilation carré bâti,Bâti (R),BATIM_P,GM_Point,,,X,RP_1128,PCRS_HABILLAGE_P,HabillagePointsPCRS
RP_1129,Ventilation rectangle bâti,Bâti (R),BATIM_P,GM_Point,,,X,RP_1129,PCRS_HABILLAGE_P,HabillagePointsPCRS
SL_1141,Ouvrage annexe,Clôture (S),CLOTU_L,GM_Curve,,,X,SL_1141,PCRS_HABILLAGE_L,HabillageLignesPCRS
SL_1142,Clôture légère levée par le côté,Clôture (S),CLOTU_L,GM_Curve,X,SL_1141,X,SL_1142,PCRS_CLOTURE_MUR_L,MurPCRS
SL_1143,Mur de plaque,Clôture (S),CLOTU_L,GM_Curve,X,SL_1141,X,SL_1143,PCRS_CLOTURE_MUR_L,MurPCRS
SL_1144,"Mur h > 1,10 m",Clôture (S),CLOTU_L,GM_Curve,X,SL_1141,X,SL_1144,PCRS_CLOTURE_MUR_L,MurPCRS
SL_1145,Mur de soutainement,Clôture (S),CLOTU_L,GM_Curve,X,SL_1141,X,SL_1145,PCRS_CLOTURE_MUR_L,MurPCRS
SL_1146,"Mur h < 1,10 m",Clôture (S),CLOTU_L,GM_Curve,X,SL_1141,X,SL_1146,PCRS_CLOTURE_MUR_L,MurPCRS
?,Pilier polygonal (linéaire),Clôture (S),CLOTU_L,GM_Polygon,X,SL_1141,X,SL_1141,PCRS_CLOTURE_PILIER_S,PilierParticulierPCRS
?,Seuil d'ouverture,Clôture (S),CLOTU_L,GM_Curve,X,SL_1141,X,SL_1141,PCRS_CLOTURE_SEUIL_L,HabillageLignesPCRS
SP_1161,Portail - portillon (ponctuel),Clôture (S),CLOTU_P,GM_Point,,,X,SP_1161,PCRS_HABILLAGE_P,HabillagePointsPCRS
SP_1162,Pilier carré clôture,Clôture (S),CLOTU_P,GM_Point,X,SP_1164,X,SP_1162,PCRS_CLOTURE_PILIER_P,PilierRegulierPCRS
SP_1163,Pilier rectangulaire clôture,Clôture (S),CLOTU_P,GM_Point,X,SP_1164,X,SP_1163,PCRS_CLOTURE_PILIER_P,PilierRegulierPCRS
SP_1164,Pilier circulaire clôture,Clôture (S),CLOTU_P,GM_Point,X,SP_1164,X,SP_1164,PCRS_CLOTURE_PILIER_P,PilierRegulierPCRS
TL_1181,Bord d'allée,Jardin (T),JARDI_L,GM_MultiCurve,X,TL_1183,X,TL_1181,PCRS_HABILLAGE_L,HabillageLignesPCRS
TL_1182,Limite pelouse / massif,Jardin (T),JARDI_L,GM_MultiCurve,X,TL_1183,X,TL_1182,PCRS_HABILLAGE_L,HabillageLignesPCRS
TL_1183,Haie,Jardin (T),JARDI_L,GM_MultiCurve,X,TL_1183,X,TL_1183,PCRS_HABILLAGE_L,HabillageLignesPCRS
TL_1184,Zone boisée,Jardin (T),JARDI_L,GM_MultiCurve,X,TL_1183,X,TL_1184,PCRS_HABILLAGE_L,HabillageLignesPCRS
TL_1185,Aire de jeux,Jardin (T),JARDI_L,GM_MultiCurve,X,TL_1183,X,TL_1185,PCRS_HABILLAGE_L,HabillageLignesPCRS
TP_1202,Arbre d'alignement,Jardin (T),JARDI_P,GM_Point,X,TP_1202,X,TP_1202,PCRS_VEGET_ARBRE_P,ArbrePCRS
TP_1203,Arbre d'ornement,Jardin (T),JARDI_P,GM_Point,X,TP_1202,X,TP_1203,PCRS_VEGET_ARBRE_P,ArbrePCRS
TP_1204,Arbre cépée,Jardin (T),JARDI_P,GM_Point,X,TP_1202,X,TP_1204,PCRS_VEGET_ARBRE_P,ArbrePCRS
TP_1205,Conifère,Jardin (T),JARDI_P,GM_Point,X,TP_1202,X,TP_1205,PCRS_VEGET_ARBRE_P,ArbrePCRS
TP_1206,Jeu simple,Jardin (T),JARDI_P,GM_Point,,,X,TP_1206,PCRS_HABILLAGE_P,HabillagePointsPCRS
TP_1207,Aire de jeux,Jardin (T),JARDI_P,GM_Point,,,X,TP_1207,PCRS_HABILLAGE_P,HabillagePointsPCRS
TP_1208,Jardinière,Jardin (T),JARDI_P,GM_Point,,,X,TP_1208,PCRS_HABILLAGE_P,HabillagePointsPCRS
TP_1209,Tombe,Jardin (T),JARDI_P,GM_Point,,,X,TP_1209,PCRS_HABILLAGE_P,HabillagePointsPCRS
UL_1221,Ouvrage annexe,Aménagement sportif (U),AMENA_L,GM_MultiCurve,,,X,UL_1221,PCRS_HABILLAGE_L,HabillageLignesPCRS
UL_1222,Marquage au sol,Aménagement sportif (U),AMENA_L,GM_MultiCurve,,,X,UL_1222,PCRS_HABILLAGE_L,HabillageLignesPCRS
UL_1223,Lice de protection,Aménagement sportif (U),AMENA_L,GM_MultiCurve,,,X,UL_1223,PCRS_HABILLAGE_L,HabillageLignesPCRS
VL_1261,Jonction entre bornes,Propriété (V),PROPR_L,GM_MultiCurve,,,X,VL_1261,PCRS_HABILLAGE_L,HabillageLignesPCRS
VL_1262,Lignes de cotation,Propriété (V),PROPR_L,GM_MultiCurve,,,X,VL_1262,PCRS_HABILLAGE_L,HabillageLignesPCRS
VL_1263,Lignes de cotation,Propriété (V),PROPR_L,GM_MultiCurve,,,X,VL_1263,PCRS_HABILLAGE_L,HabillageLignesPCRS
VL_1264,Limite de zone aedificandi,Propriété (V),PROPR_L,GM_MultiCurve,,,X,VL_1264,PCRS_HABILLAGE_L,HabillageLignesPCRS
VP_1281,Borne de propriété,Propriété (V),PROPR_P,GM_Point,,,X,VP_1281,PCRS_HABILLAGE_P,HabillagePointsPCRS
VP_1282,Piquet topographique,Propriété (V),PROPR_P,GM_Point,,,X,VP_1282,PCRS_HABILLAGE_P,HabillagePointsPCRS
WL_1301,Ouvrage annexe,Hydrographie (W),HYDRO_L,GM_MultiCurve,,,X,WL_1301,PCRS_HABILLAGE_L,HabillageLignesPCRS
WL_1302,Cours d'eau avec quai,Hydrographie (W),HYDRO_L,GM_MultiCurve,,,X,WL_1302,PCRS_OUV_QUAI_L,QuaiFluvioMaritimePCRS
WL_1303,Cours d'eau sans quai,Hydrographie (W),HYDRO_L,GM_MultiCurve,,,X,WL_1303,PCRS_HABILLAGE_L,HabillageLignesPCRS
WL_1304,Fontaine - bassin,Hydrographie (W),HYDRO_L,GM_MultiCurve,,,X,WL_1304,PCRS_HABILLAGE_L,HabillageLignesPCRS
WL_1305,Rive maçonnée,Hydrographie (W),HYDRO_L,GM_MultiCurve,,,X,WL_1305,PCRS_HABILLAGE_L,HabillageLignesPCRS
WL_1306,Palplanche,Hydrographie (W),HYDRO_L,GM_MultiCurve,,,X,WL_1306,PCRS_HABILLAGE_L,HabillageLignesPCRS
WL_1307,Palplanche couronnée,Hydrographie (W),HYDRO_L,GM_MultiCurve,,,X,WL_1307,PCRS_HABILLAGE_L,HabillageLignesPCRS
XL_1341,Ouvrage annexe,Ouvrage maritime (X),OUVRA_L,GM_Curve,,,X,XL_1341,PCRS_OUV_QUAI_L,HabillageLignesPCRS
XL_1342,Cale,Ouvrage maritime (X),OUVRA_L,GM_Curve,X,XL_1341,X,XL_1342,PCRS_OUV_QUAI_L,QuaiFluvioMaritimePCRS
XL_1343,Digue,Ouvrage maritime (X),OUVRA_L,GM_Curve,X,XL_1341,X,XL_1343,PCRS_OUV_QUAI_L,QuaiFluvioMaritimePCRS
XL_1344,Estacade,Ouvrage maritime (X),OUVRA_L,GM_Curve,X,XL_1341,X,XL_1344,PCRS_OUV_QUAI_L,QuaiFluvioMaritimePCRS
XL_1345,Môle,Ouvrage maritime (X),OUVRA_L,GM_Curve,X,XL_1341,X,XL_1345,PCRS_OUV_QUAI_L,QuaiFluvioMaritimePCRS
XL_1346,Rideau de palplanches,Ouvrage maritime (X),OUVRA_L,GM_Curve,X,XL_1341,X,XL_1346,PCRS_HABILLAGE_L,HabillageLignesPCRS
XL_1347,Bord de quai,Ouvrage maritime (X),OUVRA_L,GM_Curve,X,XL_1341,X,XL_1347,PCRS_OUV_QUAI_L,QuaiFluvioMaritimePCRS
?,Pile ou culée de Pont,Ouvrage maritime (X),OUVRA_L,GM_Curve,x,XL_1341,x,XL_1341,PCRS_OUV_PILE_PONT_L,PilePontPCRS
XP_1361,Echelle d'accès,Ouvrage maritime (X),OUVRA_P,GM_Point,,,X,XP_1361,PCRS_HABILLAGE_P,HabillagePointsPCRS
XP_1362,Bouée,Ouvrage maritime (X),OUVRA_P,GM_Point,,,X,XP_1362,PCRS_HABILLAGE_P,HabillagePointsPCRS
XP_1363,Bite ou anneau d'amarrage,Ouvrage maritime (X),OUVRA_P,GM_Point,,,X,XP_1363,PCRS_HABILLAGE_P,HabillagePointsPCRS
YP_1521,Point topo,SIGT (Y),SIGTA,GM_Point,X,YP_1521,X,YP_1521,PCRS_TOPO_POINT_LEVE_P,PointLevePCRS
n.r.,AffleurantEnveloppePCRS,,PCRS_AFFLEURANT_E,GM_Polygon,X,n.r.,X,n.r.,PCRS_AFFLEURANT_E,AffleurantEnveloppePCRS
n.r.,AffleurantPointPCRS,,PCRS_AFFLEURANT_P,GM_Point,X,n.r.,X,n.r.,PCRS_AFFLEURANT_P,AffleurantPointPCRS
?,Quais de rail,Voie Ferrée (P),VOIEF_L,GM_Curve,X,PL_0981,X,PL_0981,PCRS_RAIL_QUAI_L,QuaiRailPCRS